,"clinker, Portland cement","slag, blast furnace",silica fume,"pozzolana, natural","pozzolana, natural calcined","fly ash, siliceous","fly ash, calcareous","shale, burnt","limestone, TOC < 0.5 mass%","limestone, TOC < 0.2 mass%",calcium sulfate,"sum w/o CaSO4, H2O",sum w/o H2O,water,total,"sum w/o CaSO4, H2O, clinker"
0,100.0,0.0,0.0,0.0,0.0,0.0,0.0,0.0,0.0,0.0,2.0,100.0,102.0,40.800000000000004,142.8,0.0
1,100.0,0.0,0.0,0.0,0.0,0.0,0.0,0.0,0.0,0.0,3.0,100.0,103.0,41.2,144.2,0.0
2,100.0,0.0,0.0,0.0,0.0,0.0,0.0,0.0,0.0,0.0,4.0,100.0,104.0,41.6,145.6,0.0
3,100.0,0.0,0.0,0.0,0.0,0.0,0.0,0.0,0.0,0.0,5.0,100.0,105.0,42.0,147.0,0.0
