,,,"clinker, Portland cement","clinker, Portland cement","clinker, Portland cement","slag, blast furnace","slag, blast furnace","slag, blast furnace",silica fume,silica fume,silica fume,"pozzolana, natural","pozzolana, natural","pozzolana, natural","pozzolana, natural calcined","pozzolana, natural calcined","pozzolana, natural calcined","fly ash, siliceous","fly ash, siliceous","fly ash, siliceous","fly ash, calcareous","fly ash, calcareous","fly ash, calcareous","shale, burnt","shale, burnt","shale, burnt","limestone, TOC < 0.5 mass%","limestone, TOC < 0.5 mass%","limestone, TOC < 0.5 mass%","limestone, TOC < 0.2 mass%","limestone, TOC < 0.2 mass%","limestone, TOC < 0.2 mass%",red mud,red mud,red mud,"slag, steel","slag, steel","slag, steel","slag, copper","slag, copper","slag, copper","slag, lead","slag, lead","slag, lead",bottom ash,bottom ash,bottom ash,volcanic ash,volcanic ash,volcanic ash,boiler ash,boiler ash,boiler ash,aluminium dross,aluminium dross,aluminium dross,calcium sulfate,calcium sulfate,calcium sulfate,water,water,water,Citation
,,,lower,upper,distribution,lower,upper,distribution,lower,upper,distribution,lower,upper,distribution,lower,upper,distribution,lower,upper,distribution,lower,upper,distribution,lower,upper,distribution,lower,upper,distribution,lower,upper,distribution,lower,upper,distribution,lower,upper,distribution,lower,upper,distribution,lower,upper,distribution,lower,upper,distribution,lower,upper,distribution,lower,upper,distribution,lower,upper,distribution,lower,upper,distribution,lower,upper,distribution,Unnamed: 63_level_1
binder type,binder name,time of curing (days),,,,,,,,,,,,,,,,,,,,,,,,,,,,,,,,,,,,,,,,,,,,,,,,,,,,,,,,,,,,,
CEM,Portland cement (CEM I),1,36,38,uniform,1.0,20.0,normal,,,,,,,,,,1.0,6.0,normal,1.0,6.0,normal,,,,,,,,,,,,,,,,,,,,,,,,,,,,,,,,,,100,100,uniform,100,100,uniform,"Durdinski et al., Mater Struct, 50, 135, 2017 (slag; fly ash, calcareous; fly ash, siliceous); Snellings et al., Cem Concr Res, 64, 89-98, 2014 (pozzolana, natural calcined); Parrot and Killoh, Br. Ceram. Proc., 35, 41-53, 1984 & Lothenbach et al., Cem. Concr. Res., 38(6), 2008 (clinker); Lothenbach et al., Cem. Concr. Res., 36, 2006 (calcium sulfate)"
CEM,Portland-slag cement (CEM II/A-S),1,36,38,uniform,1.0,20.0,normal,,,,,,,,,,1.0,6.0,normal,1.0,6.0,normal,,,,,,,,,,,,,,,,,,,,,,,,,,,,,,,,,,100,100,uniform,100,100,uniform,"Durdinski et al., Mater Struct, 50, 135, 2017 (slag; fly ash, calcareous; fly ash, siliceous); Snellings et al., Cem Concr Res, 64, 89-98, 2014 (pozzolana, natural calcined); Parrot and Killoh, Br. Ceram. Proc., 35, 41-53, 1984 & Lothenbach et al., Cem. Concr. Res., 38(6), 2008 (clinker)"
CEM,Portland-slag cement (CEM II/B-S),1,36,38,uniform,1.0,20.0,normal,,,,,,,,,,1.0,6.0,normal,1.0,6.0,normal,,,,,,,,,,,,,,,,,,,,,,,,,,,,,,,,,,100,100,uniform,100,100,uniform,"Durdinski et al., Mater Struct, 50, 135, 2017 (slag; fly ash, calcareous; fly ash, siliceous); Snellings et al., Cem Concr Res, 64, 89-98, 2014 (pozzolana, natural calcined); Parrot and Killoh, Br. Ceram. Proc., 35, 41-53, 1984 & Lothenbach et al., Cem. Concr. Res., 38(6), 2008 (clinker)"
CEM,Portland-silica fume cement (CEM II/A-D),1,36,38,uniform,1.0,20.0,normal,,,,,,,,,,1.0,6.0,normal,1.0,6.0,normal,,,,,,,,,,,,,,,,,,,,,,,,,,,,,,,,,,100,100,uniform,100,100,uniform,"Durdinski et al., Mater Struct, 50, 135, 2017 (slag; fly ash, calcareous; fly ash, siliceous); Snellings et al., Cem Concr Res, 64, 89-98, 2014 (pozzolana, natural calcined); Parrot and Killoh, Br. Ceram. Proc., 35, 41-53, 1984 & Lothenbach et al., Cem. Concr. Res., 38(6), 2008 (clinker)"
CEM,Portland-pozzolana cement (CEM II/A-P),1,36,38,uniform,1.0,20.0,normal,,,,,,,,,,1.0,6.0,normal,1.0,6.0,normal,,,,,,,,,,,,,,,,,,,,,,,,,,,,,,,,,,100,100,uniform,100,100,uniform,"Durdinski et al., Mater Struct, 50, 135, 2017 (slag; fly ash, calcareous; fly ash, siliceous); Snellings et al., Cem Concr Res, 64, 89-98, 2014 (pozzolana, natural calcined); Parrot and Killoh, Br. Ceram. Proc., 35, 41-53, 1984 & Lothenbach et al., Cem. Concr. Res., 38(6), 2008 (clinker)"
CEM,Portland-pozzolana cement (CEM II/B-P),1,36,38,uniform,1.0,20.0,normal,,,,,,,,,,1.0,6.0,normal,1.0,6.0,normal,,,,,,,,,,,,,,,,,,,,,,,,,,,,,,,,,,100,100,uniform,100,100,uniform,"Durdinski et al., Mater Struct, 50, 135, 2017 (slag; fly ash, calcareous; fly ash, siliceous); Snellings et al., Cem Concr Res, 64, 89-98, 2014 (pozzolana, natural calcined); Parrot and Killoh, Br. Ceram. Proc., 35, 41-53, 1984 & Lothenbach et al., Cem. Concr. Res., 38(6), 2008 (clinker)"
CEM,Portland-pozzolana cement (CEM II/A-Q),1,36,38,uniform,1.0,20.0,normal,,,,,,,,,,1.0,6.0,normal,1.0,6.0,normal,,,,,,,,,,,,,,,,,,,,,,,,,,,,,,,,,,100,100,uniform,100,100,uniform,"Durdinski et al., Mater Struct, 50, 135, 2017 (slag; fly ash, calcareous; fly ash, siliceous); Snellings et al., Cem Concr Res, 64, 89-98, 2014 (pozzolana, natural calcined); Parrot and Killoh, Br. Ceram. Proc., 35, 41-53, 1984 & Lothenbach et al., Cem. Concr. Res., 38(6), 2008 (clinker)"
CEM,Portland-pozzolana cement (CEM II/B-Q),1,36,38,uniform,1.0,20.0,normal,,,,,,,,,,1.0,6.0,normal,1.0,6.0,normal,,,,,,,,,,,,,,,,,,,,,,,,,,,,,,,,,,100,100,uniform,100,100,uniform,"Durdinski et al., Mater Struct, 50, 135, 2017 (slag; fly ash, calcareous; fly ash, siliceous); Snellings et al., Cem Concr Res, 64, 89-98, 2014 (pozzolana, natural calcined); Parrot and Killoh, Br. Ceram. Proc., 35, 41-53, 1984 & Lothenbach et al., Cem. Concr. Res., 38(6), 2008 (clinker)"
CEM,Portland-fly ash cement (CEM II/A-V),1,36,38,uniform,1.0,20.0,normal,,,,,,,,,,1.0,6.0,normal,1.0,6.0,normal,,,,,,,,,,,,,,,,,,,,,,,,,,,,,,,,,,100,100,uniform,100,100,uniform,"Durdinski et al., Mater Struct, 50, 135, 2017 (slag; fly ash, calcareous; fly ash, siliceous); Snellings et al., Cem Concr Res, 64, 89-98, 2014 (pozzolana, natural calcined); Parrot and Killoh, Br. Ceram. Proc., 35, 41-53, 1984 & Lothenbach et al., Cem. Concr. Res., 38(6), 2008 (clinker)"
CEM,Portland-fly ash cement (CEM II/B-V),1,36,38,uniform,1.0,20.0,normal,,,,,,,,,,1.0,6.0,normal,1.0,6.0,normal,,,,,,,,,,,,,,,,,,,,,,,,,,,,,,,,,,100,100,uniform,100,100,uniform,"Durdinski et al., Mater Struct, 50, 135, 2017 (slag; fly ash, calcareous; fly ash, siliceous); Snellings et al., Cem Concr Res, 64, 89-98, 2014 (pozzolana, natural calcined); Parrot and Killoh, Br. Ceram. Proc., 35, 41-53, 1984 & Lothenbach et al., Cem. Concr. Res., 38(6), 2008 (clinker)"
CEM,Portland-fly ash cement (CEM II/A-W),1,36,38,uniform,1.0,20.0,normal,,,,,,,,,,1.0,6.0,normal,1.0,6.0,normal,,,,,,,,,,,,,,,,,,,,,,,,,,,,,,,,,,100,100,uniform,100,100,uniform,"Durdinski et al., Mater Struct, 50, 135, 2017 (slag; fly ash, calcareous; fly ash, siliceous); Snellings et al., Cem Concr Res, 64, 89-98, 2014 (pozzolana, natural calcined); Parrot and Killoh, Br. Ceram. Proc., 35, 41-53, 1984 & Lothenbach et al., Cem. Concr. Res., 38(6), 2008 (clinker)"
CEM,Portland-fly ash cement (CEM II/B-W),1,36,38,uniform,1.0,20.0,normal,,,,,,,,,,1.0,6.0,normal,1.0,6.0,normal,,,,,,,,,,,,,,,,,,,,,,,,,,,,,,,,,,100,100,uniform,100,100,uniform,"Durdinski et al., Mater Struct, 50, 135, 2017 (slag; fly ash, calcareous; fly ash, siliceous); Snellings et al., Cem Concr Res, 64, 89-98, 2014 (pozzolana, natural calcined); Parrot and Killoh, Br. Ceram. Proc., 35, 41-53, 1984 & Lothenbach et al., Cem. Concr. Res., 38(6), 2008 (clinker)"
CEM,Portland-burnt shale cement (CEM II/A-T),1,36,38,uniform,1.0,20.0,normal,,,,,,,,,,1.0,6.0,normal,1.0,6.0,normal,,,,,,,,,,,,,,,,,,,,,,,,,,,,,,,,,,100,100,uniform,100,100,uniform,"Durdinski et al., Mater Struct, 50, 135, 2017 (slag; fly ash, calcareous; fly ash, siliceous); Snellings et al., Cem Concr Res, 64, 89-98, 2014 (pozzolana, natural calcined); Parrot and Killoh, Br. Ceram. Proc., 35, 41-53, 1984 & Lothenbach et al., Cem. Concr. Res., 38(6), 2008 (clinker)"
CEM,Portland-burnt shale cement (CEM II/B-T),1,36,38,uniform,1.0,20.0,normal,,,,,,,,,,1.0,6.0,normal,1.0,6.0,normal,,,,,,,,,,,,,,,,,,,,,,,,,,,,,,,,,,100,100,uniform,100,100,uniform,"Durdinski et al., Mater Struct, 50, 135, 2017 (slag; fly ash, calcareous; fly ash, siliceous); Snellings et al., Cem Concr Res, 64, 89-98, 2014 (pozzolana, natural calcined); Parrot and Killoh, Br. Ceram. Proc., 35, 41-53, 1984 & Lothenbach et al., Cem. Concr. Res., 38(6), 2008 (clinker)"
CEM,Portland-limestone cement (CEM II/A-L),1,36,38,uniform,1.0,20.0,normal,,,,,,,,,,1.0,6.0,normal,1.0,6.0,normal,,,,,,,,,,,,,,,,,,,,,,,,,,,,,,,,,,100,100,uniform,100,100,uniform,"Durdinski et al., Mater Struct, 50, 135, 2017 (slag; fly ash, calcareous; fly ash, siliceous); Snellings et al., Cem Concr Res, 64, 89-98, 2014 (pozzolana, natural calcined); Parrot and Killoh, Br. Ceram. Proc., 35, 41-53, 1984 & Lothenbach et al., Cem. Concr. Res., 38(6), 2008 (clinker)"
CEM,Portland-limestone cement (CEM II/B-L),1,36,38,uniform,1.0,20.0,normal,,,,,,,,,,1.0,6.0,normal,1.0,6.0,normal,,,,,,,,,,,,,,,,,,,,,,,,,,,,,,,,,,100,100,uniform,100,100,uniform,"Durdinski et al., Mater Struct, 50, 135, 2017 (slag; fly ash, calcareous; fly ash, siliceous); Snellings et al., Cem Concr Res, 64, 89-98, 2014 (pozzolana, natural calcined); Parrot and Killoh, Br. Ceram. Proc., 35, 41-53, 1984 & Lothenbach et al., Cem. Concr. Res., 38(6), 2008 (clinker)"
CEM,Portland-limestone cement (CEM II/A-LL),1,36,38,uniform,1.0,20.0,normal,,,,,,,,,,1.0,6.0,normal,1.0,6.0,normal,,,,,,,,,,,,,,,,,,,,,,,,,,,,,,,,,,100,100,uniform,100,100,uniform,"Durdinski et al., Mater Struct, 50, 135, 2017 (slag; fly ash, calcareous; fly ash, siliceous); Snellings et al., Cem Concr Res, 64, 89-98, 2014 (pozzolana, natural calcined); Parrot and Killoh, Br. Ceram. Proc., 35, 41-53, 1984 & Lothenbach et al., Cem. Concr. Res., 38(6), 2008 (clinker)"
CEM,Portland-limestone cement (CEM II/B-LL),1,36,38,uniform,1.0,20.0,normal,,,,,,,,,,1.0,6.0,normal,1.0,6.0,normal,,,,,,,,,,,,,,,,,,,,,,,,,,,,,,,,,,100,100,uniform,100,100,uniform,"Durdinski et al., Mater Struct, 50, 135, 2017 (slag; fly ash, calcareous; fly ash, siliceous); Snellings et al., Cem Concr Res, 64, 89-98, 2014 (pozzolana, natural calcined); Parrot and Killoh, Br. Ceram. Proc., 35, 41-53, 1984 & Lothenbach et al., Cem. Concr. Res., 38(6), 2008 (clinker)"
CEM,Portland-composite cement (CEM II/A-M),1,36,38,uniform,1.0,20.0,normal,,,,,,,,,,1.0,6.0,normal,1.0,6.0,normal,,,,,,,,,,,,,,,,,,,,,,,,,,,,,,,,,,100,100,uniform,100,100,uniform,"Durdinski et al., Mater Struct, 50, 135, 2017 (slag; fly ash, calcareous; fly ash, siliceous); Snellings et al., Cem Concr Res, 64, 89-98, 2014 (pozzolana, natural calcined); Parrot and Killoh, Br. Ceram. Proc., 35, 41-53, 1984 & Lothenbach et al., Cem. Concr. Res., 38(6), 2008 (clinker)"
CEM,Portland-composite cement (CEM II/B-M),1,36,38,uniform,1.0,20.0,normal,,,,,,,,,,1.0,6.0,normal,1.0,6.0,normal,,,,,,,,,,,,,,,,,,,,,,,,,,,,,,,,,,100,100,uniform,100,100,uniform,"Durdinski et al., Mater Struct, 50, 135, 2017 (slag; fly ash, calcareous; fly ash, siliceous); Snellings et al., Cem Concr Res, 64, 89-98, 2014 (pozzolana, natural calcined); Parrot and Killoh, Br. Ceram. Proc., 35, 41-53, 1984 & Lothenbach et al., Cem. Concr. Res., 38(6), 2008 (clinker)"
CEM,Blast furnace cement (CEM III/A),1,36,38,uniform,1.0,20.0,normal,,,,,,,,,,1.0,6.0,normal,1.0,6.0,normal,,,,,,,,,,,,,,,,,,,,,,,,,,,,,,,,,,100,100,uniform,100,100,uniform,"Durdinski et al., Mater Struct, 50, 135, 2017 (slag; fly ash, calcareous; fly ash, siliceous); Snellings et al., Cem Concr Res, 64, 89-98, 2014 (pozzolana, natural calcined); Parrot and Killoh, Br. Ceram. Proc., 35, 41-53, 1984 & Lothenbach et al., Cem. Concr. Res., 38(6), 2008 (clinker)"
CEM,Blast furnace cement (CEM III/B),1,36,38,uniform,1.0,20.0,normal,,,,,,,,,,1.0,6.0,normal,1.0,6.0,normal,,,,,,,,,,,,,,,,,,,,,,,,,,,,,,,,,,100,100,uniform,100,100,uniform,"Durdinski et al., Mater Struct, 50, 135, 2017 (slag; fly ash, calcareous; fly ash, siliceous); Snellings et al., Cem Concr Res, 64, 89-98, 2014 (pozzolana, natural calcined); Parrot and Killoh, Br. Ceram. Proc., 35, 41-53, 1984 & Lothenbach et al., Cem. Concr. Res., 38(6), 2008 (clinker)"
CEM,Blast furnace cement (CEM III/C),1,36,38,uniform,1.0,20.0,normal,,,,,,,,,,1.0,6.0,normal,1.0,6.0,normal,,,,,,,,,,,,,,,,,,,,,,,,,,,,,,,,,,100,100,uniform,100,100,uniform,"Durdinski et al., Mater Struct, 50, 135, 2017 (slag; fly ash, calcareous; fly ash, siliceous); Snellings et al., Cem Concr Res, 64, 89-98, 2014 (pozzolana, natural calcined); Parrot and Killoh, Br. Ceram. Proc., 35, 41-53, 1984 & Lothenbach et al., Cem. Concr. Res., 38(6), 2008 (clinker)"
CEM,Pozzolanic cement (CEM IV/A),1,36,38,uniform,1.0,20.0,normal,,,,,,,,,,1.0,6.0,normal,1.0,6.0,normal,,,,,,,,,,,,,,,,,,,,,,,,,,,,,,,,,,100,100,uniform,100,100,uniform,"Durdinski et al., Mater Struct, 50, 135, 2017 (slag; fly ash, calcareous; fly ash, siliceous); Snellings et al., Cem Concr Res, 64, 89-98, 2014 (pozzolana, natural calcined); Parrot and Killoh, Br. Ceram. Proc., 35, 41-53, 1984 & Lothenbach et al., Cem. Concr. Res., 38(6), 2008 (clinker)"
CEM,Pozzolanic cement (CEM IV/B),1,36,38,uniform,1.0,20.0,normal,,,,,,,,,,1.0,6.0,normal,1.0,6.0,normal,,,,,,,,,,,,,,,,,,,,,,,,,,,,,,,,,,100,100,uniform,100,100,uniform,"Durdinski et al., Mater Struct, 50, 135, 2017 (slag; fly ash, calcareous; fly ash, siliceous); Snellings et al., Cem Concr Res, 64, 89-98, 2014 (pozzolana, natural calcined); Parrot and Killoh, Br. Ceram. Proc., 35, 41-53, 1984 & Lothenbach et al., Cem. Concr. Res., 38(6), 2008 (clinker)"
CEM,Composite cement (CEM V/A),1,36,38,uniform,1.0,20.0,normal,,,,,,,,,,1.0,6.0,normal,1.0,6.0,normal,,,,,,,,,,,,,,,,,,,,,,,,,,,,,,,,,,100,100,uniform,100,100,uniform,"Durdinski et al., Mater Struct, 50, 135, 2017 (slag; fly ash, calcareous; fly ash, siliceous); Snellings et al., Cem Concr Res, 64, 89-98, 2014 (pozzolana, natural calcined); Parrot and Killoh, Br. Ceram. Proc., 35, 41-53, 1984 & Lothenbach et al., Cem. Concr. Res., 38(6), 2008 (clinker)"
CEM,Portland cement (CEM I),3,56,56,uniform,,,,,,,,,,3.0,3.0,uniform,,,,,,,,,,,,,,,,,,,,,,,,,,,,,,,,,,,,,,,,100,100,uniform,100,100,uniform,"Durdinski et al., Mater Struct, 50, 135, 2017 (slag; fly ash, calcareous; fly ash, siliceous); Snellings et al., Cem Concr Res, 64, 89-98, 2014 (pozzolana, natural calcined); Parrot and Killoh, Br. Ceram. Proc., 35, 41-53, 1984 & Lothenbach et al., Cem. Concr. Res., 38(6), 2008 (clinker)"
CEM,Portland-slag cement (CEM II/A-S),3,56,56,uniform,,,,,,,,,,3.0,3.0,uniform,,,,,,,,,,,,,,,,,,,,,,,,,,,,,,,,,,,,,,,,100,100,uniform,100,100,uniform,"Durdinski et al., Mater Struct, 50, 135, 2017 (slag; fly ash, calcareous; fly ash, siliceous); Snellings et al., Cem Concr Res, 64, 89-98, 2014 (pozzolana, natural calcined); Parrot and Killoh, Br. Ceram. Proc., 35, 41-53, 1984 & Lothenbach et al., Cem. Concr. Res., 38(6), 2008 (clinker)"
CEM,Portland-slag cement (CEM II/B-S),3,56,56,uniform,,,,,,,,,,3.0,3.0,uniform,,,,,,,,,,,,,,,,,,,,,,,,,,,,,,,,,,,,,,,,100,100,uniform,100,100,uniform,"Durdinski et al., Mater Struct, 50, 135, 2017 (slag; fly ash, calcareous; fly ash, siliceous); Snellings et al., Cem Concr Res, 64, 89-98, 2014 (pozzolana, natural calcined); Parrot and Killoh, Br. Ceram. Proc., 35, 41-53, 1984 & Lothenbach et al., Cem. Concr. Res., 38(6), 2008 (clinker)"
CEM,Portland-silica fume cement (CEM II/A-D),3,56,56,uniform,,,,,,,,,,3.0,3.0,uniform,,,,,,,,,,,,,,,,,,,,,,,,,,,,,,,,,,,,,,,,100,100,uniform,100,100,uniform,"Durdinski et al., Mater Struct, 50, 135, 2017 (slag; fly ash, calcareous; fly ash, siliceous); Snellings et al., Cem Concr Res, 64, 89-98, 2014 (pozzolana, natural calcined); Parrot and Killoh, Br. Ceram. Proc., 35, 41-53, 1984 & Lothenbach et al., Cem. Concr. Res., 38(6), 2008 (clinker)"
CEM,Portland-pozzolana cement (CEM II/A-P),3,56,56,uniform,,,,,,,,,,3.0,3.0,uniform,,,,,,,,,,,,,,,,,,,,,,,,,,,,,,,,,,,,,,,,100,100,uniform,100,100,uniform,"Durdinski et al., Mater Struct, 50, 135, 2017 (slag; fly ash, calcareous; fly ash, siliceous); Snellings et al., Cem Concr Res, 64, 89-98, 2014 (pozzolana, natural calcined); Parrot and Killoh, Br. Ceram. Proc., 35, 41-53, 1984 & Lothenbach et al., Cem. Concr. Res., 38(6), 2008 (clinker)"
CEM,Portland-pozzolana cement (CEM II/B-P),3,56,56,uniform,,,,,,,,,,3.0,3.0,uniform,,,,,,,,,,,,,,,,,,,,,,,,,,,,,,,,,,,,,,,,100,100,uniform,100,100,uniform,"Durdinski et al., Mater Struct, 50, 135, 2017 (slag; fly ash, calcareous; fly ash, siliceous); Snellings et al., Cem Concr Res, 64, 89-98, 2014 (pozzolana, natural calcined); Parrot and Killoh, Br. Ceram. Proc., 35, 41-53, 1984 & Lothenbach et al., Cem. Concr. Res., 38(6), 2008 (clinker)"
CEM,Portland-pozzolana cement (CEM II/A-Q),3,56,56,uniform,,,,,,,,,,3.0,3.0,uniform,,,,,,,,,,,,,,,,,,,,,,,,,,,,,,,,,,,,,,,,100,100,uniform,100,100,uniform,"Durdinski et al., Mater Struct, 50, 135, 2017 (slag; fly ash, calcareous; fly ash, siliceous); Snellings et al., Cem Concr Res, 64, 89-98, 2014 (pozzolana, natural calcined); Parrot and Killoh, Br. Ceram. Proc., 35, 41-53, 1984 & Lothenbach et al., Cem. Concr. Res., 38(6), 2008 (clinker)"
CEM,Portland-pozzolana cement (CEM II/B-Q),3,56,56,uniform,,,,,,,,,,3.0,3.0,uniform,,,,,,,,,,,,,,,,,,,,,,,,,,,,,,,,,,,,,,,,100,100,uniform,100,100,uniform,"Durdinski et al., Mater Struct, 50, 135, 2017 (slag; fly ash, calcareous; fly ash, siliceous); Snellings et al., Cem Concr Res, 64, 89-98, 2014 (pozzolana, natural calcined); Parrot and Killoh, Br. Ceram. Proc., 35, 41-53, 1984 & Lothenbach et al., Cem. Concr. Res., 38(6), 2008 (clinker)"
CEM,Portland-fly ash cement (CEM II/A-V),3,56,56,uniform,,,,,,,,,,3.0,3.0,uniform,,,,,,,,,,,,,,,,,,,,,,,,,,,,,,,,,,,,,,,,100,100,uniform,100,100,uniform,"Durdinski et al., Mater Struct, 50, 135, 2017 (slag; fly ash, calcareous; fly ash, siliceous); Snellings et al., Cem Concr Res, 64, 89-98, 2014 (pozzolana, natural calcined); Parrot and Killoh, Br. Ceram. Proc., 35, 41-53, 1984 & Lothenbach et al., Cem. Concr. Res., 38(6), 2008 (clinker)"
CEM,Portland-fly ash cement (CEM II/B-V),3,56,56,uniform,,,,,,,,,,3.0,3.0,uniform,,,,,,,,,,,,,,,,,,,,,,,,,,,,,,,,,,,,,,,,100,100,uniform,100,100,uniform,"Durdinski et al., Mater Struct, 50, 135, 2017 (slag; fly ash, calcareous; fly ash, siliceous); Snellings et al., Cem Concr Res, 64, 89-98, 2014 (pozzolana, natural calcined); Parrot and Killoh, Br. Ceram. Proc., 35, 41-53, 1984 & Lothenbach et al., Cem. Concr. Res., 38(6), 2008 (clinker)"
CEM,Portland-fly ash cement (CEM II/A-W),3,56,56,uniform,,,,,,,,,,3.0,3.0,uniform,,,,,,,,,,,,,,,,,,,,,,,,,,,,,,,,,,,,,,,,100,100,uniform,100,100,uniform,"Durdinski et al., Mater Struct, 50, 135, 2017 (slag; fly ash, calcareous; fly ash, siliceous); Snellings et al., Cem Concr Res, 64, 89-98, 2014 (pozzolana, natural calcined); Parrot and Killoh, Br. Ceram. Proc., 35, 41-53, 1984 & Lothenbach et al., Cem. Concr. Res., 38(6), 2008 (clinker)"
CEM,Portland-fly ash cement (CEM II/B-W),3,56,56,uniform,,,,,,,,,,3.0,3.0,uniform,,,,,,,,,,,,,,,,,,,,,,,,,,,,,,,,,,,,,,,,100,100,uniform,100,100,uniform,"Durdinski et al., Mater Struct, 50, 135, 2017 (slag; fly ash, calcareous; fly ash, siliceous); Snellings et al., Cem Concr Res, 64, 89-98, 2014 (pozzolana, natural calcined); Parrot and Killoh, Br. Ceram. Proc., 35, 41-53, 1984 & Lothenbach et al., Cem. Concr. Res., 38(6), 2008 (clinker)"
CEM,Portland-burnt shale cement (CEM II/A-T),3,56,56,uniform,,,,,,,,,,3.0,3.0,uniform,,,,,,,,,,,,,,,,,,,,,,,,,,,,,,,,,,,,,,,,100,100,uniform,100,100,uniform,"Durdinski et al., Mater Struct, 50, 135, 2017 (slag; fly ash, calcareous; fly ash, siliceous); Snellings et al., Cem Concr Res, 64, 89-98, 2014 (pozzolana, natural calcined); Parrot and Killoh, Br. Ceram. Proc., 35, 41-53, 1984 & Lothenbach et al., Cem. Concr. Res., 38(6), 2008 (clinker)"
CEM,Portland-burnt shale cement (CEM II/B-T),3,56,56,uniform,,,,,,,,,,3.0,3.0,uniform,,,,,,,,,,,,,,,,,,,,,,,,,,,,,,,,,,,,,,,,100,100,uniform,100,100,uniform,"Durdinski et al., Mater Struct, 50, 135, 2017 (slag; fly ash, calcareous; fly ash, siliceous); Snellings et al., Cem Concr Res, 64, 89-98, 2014 (pozzolana, natural calcined); Parrot and Killoh, Br. Ceram. Proc., 35, 41-53, 1984 & Lothenbach et al., Cem. Concr. Res., 38(6), 2008 (clinker)"
CEM,Portland-limestone cement (CEM II/A-L),3,56,56,uniform,,,,,,,,,,3.0,3.0,uniform,,,,,,,,,,,,,,,,,,,,,,,,,,,,,,,,,,,,,,,,100,100,uniform,100,100,uniform,"Durdinski et al., Mater Struct, 50, 135, 2017 (slag; fly ash, calcareous; fly ash, siliceous); Snellings et al., Cem Concr Res, 64, 89-98, 2014 (pozzolana, natural calcined); Parrot and Killoh, Br. Ceram. Proc., 35, 41-53, 1984 & Lothenbach et al., Cem. Concr. Res., 38(6), 2008 (clinker)"
CEM,Portland-limestone cement (CEM II/B-L),3,56,56,uniform,,,,,,,,,,3.0,3.0,uniform,,,,,,,,,,,,,,,,,,,,,,,,,,,,,,,,,,,,,,,,100,100,uniform,100,100,uniform,"Durdinski et al., Mater Struct, 50, 135, 2017 (slag; fly ash, calcareous; fly ash, siliceous); Snellings et al., Cem Concr Res, 64, 89-98, 2014 (pozzolana, natural calcined); Parrot and Killoh, Br. Ceram. Proc., 35, 41-53, 1984 & Lothenbach et al., Cem. Concr. Res., 38(6), 2008 (clinker)"
CEM,Portland-limestone cement (CEM II/A-LL),3,56,56,uniform,,,,,,,,,,3.0,3.0,uniform,,,,,,,,,,,,,,,,,,,,,,,,,,,,,,,,,,,,,,,,100,100,uniform,100,100,uniform,"Durdinski et al., Mater Struct, 50, 135, 2017 (slag; fly ash, calcareous; fly ash, siliceous); Snellings et al., Cem Concr Res, 64, 89-98, 2014 (pozzolana, natural calcined); Parrot and Killoh, Br. Ceram. Proc., 35, 41-53, 1984 & Lothenbach et al., Cem. Concr. Res., 38(6), 2008 (clinker)"
CEM,Portland-limestone cement (CEM II/B-LL),3,56,56,uniform,,,,,,,,,,3.0,3.0,uniform,,,,,,,,,,,,,,,,,,,,,,,,,,,,,,,,,,,,,,,,100,100,uniform,100,100,uniform,"Durdinski et al., Mater Struct, 50, 135, 2017 (slag; fly ash, calcareous; fly ash, siliceous); Snellings et al., Cem Concr Res, 64, 89-98, 2014 (pozzolana, natural calcined); Parrot and Killoh, Br. Ceram. Proc., 35, 41-53, 1984 & Lothenbach et al., Cem. Concr. Res., 38(6), 2008 (clinker)"
CEM,Portland-composite cement (CEM II/A-M),3,56,56,uniform,,,,,,,,,,3.0,3.0,uniform,,,,,,,,,,,,,,,,,,,,,,,,,,,,,,,,,,,,,,,,100,100,uniform,100,100,uniform,"Durdinski et al., Mater Struct, 50, 135, 2017 (slag; fly ash, calcareous; fly ash, siliceous); Snellings et al., Cem Concr Res, 64, 89-98, 2014 (pozzolana, natural calcined); Parrot and Killoh, Br. Ceram. Proc., 35, 41-53, 1984 & Lothenbach et al., Cem. Concr. Res., 38(6), 2008 (clinker)"
CEM,Portland-composite cement (CEM II/B-M),3,56,56,uniform,,,,,,,,,,3.0,3.0,uniform,,,,,,,,,,,,,,,,,,,,,,,,,,,,,,,,,,,,,,,,100,100,uniform,100,100,uniform,"Durdinski et al., Mater Struct, 50, 135, 2017 (slag; fly ash, calcareous; fly ash, siliceous); Snellings et al., Cem Concr Res, 64, 89-98, 2014 (pozzolana, natural calcined); Parrot and Killoh, Br. Ceram. Proc., 35, 41-53, 1984 & Lothenbach et al., Cem. Concr. Res., 38(6), 2008 (clinker)"
CEM,Blast furnace cement (CEM III/A),3,56,56,uniform,,,,,,,,,,3.0,3.0,uniform,,,,,,,,,,,,,,,,,,,,,,,,,,,,,,,,,,,,,,,,100,100,uniform,100,100,uniform,"Durdinski et al., Mater Struct, 50, 135, 2017 (slag; fly ash, calcareous; fly ash, siliceous); Snellings et al., Cem Concr Res, 64, 89-98, 2014 (pozzolana, natural calcined); Parrot and Killoh, Br. Ceram. Proc., 35, 41-53, 1984 & Lothenbach et al., Cem. Concr. Res., 38(6), 2008 (clinker)"
CEM,Blast furnace cement (CEM III/B),3,56,56,uniform,,,,,,,,,,3.0,3.0,uniform,,,,,,,,,,,,,,,,,,,,,,,,,,,,,,,,,,,,,,,,100,100,uniform,100,100,uniform,"Durdinski et al., Mater Struct, 50, 135, 2017 (slag; fly ash, calcareous; fly ash, siliceous); Snellings et al., Cem Concr Res, 64, 89-98, 2014 (pozzolana, natural calcined); Parrot and Killoh, Br. Ceram. Proc., 35, 41-53, 1984 & Lothenbach et al., Cem. Concr. Res., 38(6), 2008 (clinker)"
CEM,Blast furnace cement (CEM III/C),3,56,56,uniform,,,,,,,,,,3.0,3.0,uniform,,,,,,,,,,,,,,,,,,,,,,,,,,,,,,,,,,,,,,,,100,100,uniform,100,100,uniform,"Durdinski et al., Mater Struct, 50, 135, 2017 (slag; fly ash, calcareous; fly ash, siliceous); Snellings et al., Cem Concr Res, 64, 89-98, 2014 (pozzolana, natural calcined); Parrot and Killoh, Br. Ceram. Proc., 35, 41-53, 1984 & Lothenbach et al., Cem. Concr. Res., 38(6), 2008 (clinker)"
CEM,Pozzolanic cement (CEM IV/A),3,56,56,uniform,,,,,,,,,,3.0,3.0,uniform,,,,,,,,,,,,,,,,,,,,,,,,,,,,,,,,,,,,,,,,100,100,uniform,100,100,uniform,"Durdinski et al., Mater Struct, 50, 135, 2017 (slag; fly ash, calcareous; fly ash, siliceous); Snellings et al., Cem Concr Res, 64, 89-98, 2014 (pozzolana, natural calcined); Parrot and Killoh, Br. Ceram. Proc., 35, 41-53, 1984 & Lothenbach et al., Cem. Concr. Res., 38(6), 2008 (clinker)"
CEM,Pozzolanic cement (CEM IV/B),3,56,56,uniform,,,,,,,,,,3.0,3.0,uniform,,,,,,,,,,,,,,,,,,,,,,,,,,,,,,,,,,,,,,,,100,100,uniform,100,100,uniform,"Durdinski et al., Mater Struct, 50, 135, 2017 (slag; fly ash, calcareous; fly ash, siliceous); Snellings et al., Cem Concr Res, 64, 89-98, 2014 (pozzolana, natural calcined); Parrot and Killoh, Br. Ceram. Proc., 35, 41-53, 1984 & Lothenbach et al., Cem. Concr. Res., 38(6), 2008 (clinker)"
CEM,Composite cement (CEM V/A),3,56,56,uniform,,,,,,,,,,3.0,3.0,uniform,,,,,,,,,,,,,,,,,,,,,,,,,,,,,,,,,,,,,,,,100,100,uniform,100,100,uniform,"Durdinski et al., Mater Struct, 50, 135, 2017 (slag; fly ash, calcareous; fly ash, siliceous); Snellings et al., Cem Concr Res, 64, 89-98, 2014 (pozzolana, natural calcined); Parrot and Killoh, Br. Ceram. Proc., 35, 41-53, 1984 & Lothenbach et al., Cem. Concr. Res., 38(6), 2008 (clinker)"
CEM,Portland cement (CEM I),7,68,68,uniform,15.0,35.0,normal,,,,,,,7.0,10.0,uniform,2.0,15.0,normal,8.0,14.0,normal,,,,,,,,,,,,,,,,,,,,,,,,,,,,,,,,,,100,100,uniform,100,100,uniform,"Durdinski et al., Mater Struct, 50, 135, 2017 (slag; fly ash, calcareous; fly ash, siliceous); Snellings et al., Cem Concr Res, 64, 89-98, 2014 (pozzolana, natural calcined); Parrot and Killoh, Br. Ceram. Proc., 35, 41-53, 1984 & Lothenbach et al., Cem. Concr. Res., 38(6), 2008 (clinker)"
CEM,Portland-slag cement (CEM II/A-S),7,68,68,uniform,15.0,35.0,normal,,,,,,,7.0,10.0,uniform,2.0,15.0,normal,8.0,14.0,normal,,,,,,,,,,,,,,,,,,,,,,,,,,,,,,,,,,100,100,uniform,100,100,uniform,"Durdinski et al., Mater Struct, 50, 135, 2017 (slag; fly ash, calcareous; fly ash, siliceous); Snellings et al., Cem Concr Res, 64, 89-98, 2014 (pozzolana, natural calcined); Parrot and Killoh, Br. Ceram. Proc., 35, 41-53, 1984 & Lothenbach et al., Cem. Concr. Res., 38(6), 2008 (clinker)"
CEM,Portland-slag cement (CEM II/B-S),7,68,68,uniform,15.0,35.0,normal,,,,,,,7.0,10.0,uniform,2.0,15.0,normal,8.0,14.0,normal,,,,,,,,,,,,,,,,,,,,,,,,,,,,,,,,,,100,100,uniform,100,100,uniform,"Durdinski et al., Mater Struct, 50, 135, 2017 (slag; fly ash, calcareous; fly ash, siliceous); Snellings et al., Cem Concr Res, 64, 89-98, 2014 (pozzolana, natural calcined); Parrot and Killoh, Br. Ceram. Proc., 35, 41-53, 1984 & Lothenbach et al., Cem. Concr. Res., 38(6), 2008 (clinker)"
CEM,Portland-silica fume cement (CEM II/A-D),7,68,68,uniform,15.0,35.0,normal,,,,,,,7.0,10.0,uniform,2.0,15.0,normal,8.0,14.0,normal,,,,,,,,,,,,,,,,,,,,,,,,,,,,,,,,,,100,100,uniform,100,100,uniform,"Durdinski et al., Mater Struct, 50, 135, 2017 (slag; fly ash, calcareous; fly ash, siliceous); Snellings et al., Cem Concr Res, 64, 89-98, 2014 (pozzolana, natural calcined); Parrot and Killoh, Br. Ceram. Proc., 35, 41-53, 1984 & Lothenbach et al., Cem. Concr. Res., 38(6), 2008 (clinker)"
CEM,Portland-pozzolana cement (CEM II/A-P),7,68,68,uniform,15.0,35.0,normal,,,,,,,7.0,10.0,uniform,2.0,15.0,normal,8.0,14.0,normal,,,,,,,,,,,,,,,,,,,,,,,,,,,,,,,,,,100,100,uniform,100,100,uniform,"Durdinski et al., Mater Struct, 50, 135, 2017 (slag; fly ash, calcareous; fly ash, siliceous); Snellings et al., Cem Concr Res, 64, 89-98, 2014 (pozzolana, natural calcined); Parrot and Killoh, Br. Ceram. Proc., 35, 41-53, 1984 & Lothenbach et al., Cem. Concr. Res., 38(6), 2008 (clinker)"
CEM,Portland-pozzolana cement (CEM II/B-P),7,68,68,uniform,15.0,35.0,normal,,,,,,,7.0,10.0,uniform,2.0,15.0,normal,8.0,14.0,normal,,,,,,,,,,,,,,,,,,,,,,,,,,,,,,,,,,100,100,uniform,100,100,uniform,"Durdinski et al., Mater Struct, 50, 135, 2017 (slag; fly ash, calcareous; fly ash, siliceous); Snellings et al., Cem Concr Res, 64, 89-98, 2014 (pozzolana, natural calcined); Parrot and Killoh, Br. Ceram. Proc., 35, 41-53, 1984 & Lothenbach et al., Cem. Concr. Res., 38(6), 2008 (clinker)"
CEM,Portland-pozzolana cement (CEM II/A-Q),7,68,68,uniform,15.0,35.0,normal,,,,,,,7.0,10.0,uniform,2.0,15.0,normal,8.0,14.0,normal,,,,,,,,,,,,,,,,,,,,,,,,,,,,,,,,,,100,100,uniform,100,100,uniform,"Durdinski et al., Mater Struct, 50, 135, 2017 (slag; fly ash, calcareous; fly ash, siliceous); Snellings et al., Cem Concr Res, 64, 89-98, 2014 (pozzolana, natural calcined); Parrot and Killoh, Br. Ceram. Proc., 35, 41-53, 1984 & Lothenbach et al., Cem. Concr. Res., 38(6), 2008 (clinker)"
CEM,Portland-pozzolana cement (CEM II/B-Q),7,68,68,uniform,15.0,35.0,normal,,,,,,,7.0,10.0,uniform,2.0,15.0,normal,8.0,14.0,normal,,,,,,,,,,,,,,,,,,,,,,,,,,,,,,,,,,100,100,uniform,100,100,uniform,"Durdinski et al., Mater Struct, 50, 135, 2017 (slag; fly ash, calcareous; fly ash, siliceous); Snellings et al., Cem Concr Res, 64, 89-98, 2014 (pozzolana, natural calcined); Parrot and Killoh, Br. Ceram. Proc., 35, 41-53, 1984 & Lothenbach et al., Cem. Concr. Res., 38(6), 2008 (clinker)"
CEM,Portland-fly ash cement (CEM II/A-V),7,68,68,uniform,15.0,35.0,normal,,,,,,,7.0,10.0,uniform,2.0,15.0,normal,8.0,14.0,normal,,,,,,,,,,,,,,,,,,,,,,,,,,,,,,,,,,100,100,uniform,100,100,uniform,"Durdinski et al., Mater Struct, 50, 135, 2017 (slag; fly ash, calcareous; fly ash, siliceous); Snellings et al., Cem Concr Res, 64, 89-98, 2014 (pozzolana, natural calcined); Parrot and Killoh, Br. Ceram. Proc., 35, 41-53, 1984 & Lothenbach et al., Cem. Concr. Res., 38(6), 2008 (clinker)"
CEM,Portland-fly ash cement (CEM II/B-V),7,68,68,uniform,15.0,35.0,normal,,,,,,,7.0,10.0,uniform,2.0,15.0,normal,8.0,14.0,normal,,,,,,,,,,,,,,,,,,,,,,,,,,,,,,,,,,100,100,uniform,100,100,uniform,"Durdinski et al., Mater Struct, 50, 135, 2017 (slag; fly ash, calcareous; fly ash, siliceous); Snellings et al., Cem Concr Res, 64, 89-98, 2014 (pozzolana, natural calcined); Parrot and Killoh, Br. Ceram. Proc., 35, 41-53, 1984 & Lothenbach et al., Cem. Concr. Res., 38(6), 2008 (clinker)"
CEM,Portland-fly ash cement (CEM II/A-W),7,68,68,uniform,15.0,35.0,normal,,,,,,,7.0,10.0,uniform,2.0,15.0,normal,8.0,14.0,normal,,,,,,,,,,,,,,,,,,,,,,,,,,,,,,,,,,100,100,uniform,100,100,uniform,"Durdinski et al., Mater Struct, 50, 135, 2017 (slag; fly ash, calcareous; fly ash, siliceous); Snellings et al., Cem Concr Res, 64, 89-98, 2014 (pozzolana, natural calcined); Parrot and Killoh, Br. Ceram. Proc., 35, 41-53, 1984 & Lothenbach et al., Cem. Concr. Res., 38(6), 2008 (clinker)"
CEM,Portland-fly ash cement (CEM II/B-W),7,68,68,uniform,15.0,35.0,normal,,,,,,,7.0,10.0,uniform,2.0,15.0,normal,8.0,14.0,normal,,,,,,,,,,,,,,,,,,,,,,,,,,,,,,,,,,100,100,uniform,100,100,uniform,"Durdinski et al., Mater Struct, 50, 135, 2017 (slag; fly ash, calcareous; fly ash, siliceous); Snellings et al., Cem Concr Res, 64, 89-98, 2014 (pozzolana, natural calcined); Parrot and Killoh, Br. Ceram. Proc., 35, 41-53, 1984 & Lothenbach et al., Cem. Concr. Res., 38(6), 2008 (clinker)"
CEM,Portland-burnt shale cement (CEM II/A-T),7,68,68,uniform,15.0,35.0,normal,,,,,,,7.0,10.0,uniform,2.0,15.0,normal,8.0,14.0,normal,,,,,,,,,,,,,,,,,,,,,,,,,,,,,,,,,,100,100,uniform,100,100,uniform,"Durdinski et al., Mater Struct, 50, 135, 2017 (slag; fly ash, calcareous; fly ash, siliceous); Snellings et al., Cem Concr Res, 64, 89-98, 2014 (pozzolana, natural calcined); Parrot and Killoh, Br. Ceram. Proc., 35, 41-53, 1984 & Lothenbach et al., Cem. Concr. Res., 38(6), 2008 (clinker)"
CEM,Portland-burnt shale cement (CEM II/B-T),7,68,68,uniform,15.0,35.0,normal,,,,,,,7.0,10.0,uniform,2.0,15.0,normal,8.0,14.0,normal,,,,,,,,,,,,,,,,,,,,,,,,,,,,,,,,,,100,100,uniform,100,100,uniform,"Durdinski et al., Mater Struct, 50, 135, 2017 (slag; fly ash, calcareous; fly ash, siliceous); Snellings et al., Cem Concr Res, 64, 89-98, 2014 (pozzolana, natural calcined); Parrot and Killoh, Br. Ceram. Proc., 35, 41-53, 1984 & Lothenbach et al., Cem. Concr. Res., 38(6), 2008 (clinker)"
CEM,Portland-limestone cement (CEM II/A-L),7,68,68,uniform,15.0,35.0,normal,,,,,,,7.0,10.0,uniform,2.0,15.0,normal,8.0,14.0,normal,,,,,,,,,,,,,,,,,,,,,,,,,,,,,,,,,,100,100,uniform,100,100,uniform,"Durdinski et al., Mater Struct, 50, 135, 2017 (slag; fly ash, calcareous; fly ash, siliceous); Snellings et al., Cem Concr Res, 64, 89-98, 2014 (pozzolana, natural calcined); Parrot and Killoh, Br. Ceram. Proc., 35, 41-53, 1984 & Lothenbach et al., Cem. Concr. Res., 38(6), 2008 (clinker)"
CEM,Portland-limestone cement (CEM II/B-L),7,68,68,uniform,15.0,35.0,normal,,,,,,,7.0,10.0,uniform,2.0,15.0,normal,8.0,14.0,normal,,,,,,,,,,,,,,,,,,,,,,,,,,,,,,,,,,100,100,uniform,100,100,uniform,"Durdinski et al., Mater Struct, 50, 135, 2017 (slag; fly ash, calcareous; fly ash, siliceous); Snellings et al., Cem Concr Res, 64, 89-98, 2014 (pozzolana, natural calcined); Parrot and Killoh, Br. Ceram. Proc., 35, 41-53, 1984 & Lothenbach et al., Cem. Concr. Res., 38(6), 2008 (clinker)"
CEM,Portland-limestone cement (CEM II/A-LL),7,68,68,uniform,15.0,35.0,normal,,,,,,,7.0,10.0,uniform,2.0,15.0,normal,8.0,14.0,normal,,,,,,,,,,,,,,,,,,,,,,,,,,,,,,,,,,100,100,uniform,100,100,uniform,"Durdinski et al., Mater Struct, 50, 135, 2017 (slag; fly ash, calcareous; fly ash, siliceous); Snellings et al., Cem Concr Res, 64, 89-98, 2014 (pozzolana, natural calcined); Parrot and Killoh, Br. Ceram. Proc., 35, 41-53, 1984 & Lothenbach et al., Cem. Concr. Res., 38(6), 2008 (clinker)"
CEM,Portland-limestone cement (CEM II/B-LL),7,68,68,uniform,15.0,35.0,normal,,,,,,,7.0,10.0,uniform,2.0,15.0,normal,8.0,14.0,normal,,,,,,,,,,,,,,,,,,,,,,,,,,,,,,,,,,100,100,uniform,100,100,uniform,"Durdinski et al., Mater Struct, 50, 135, 2017 (slag; fly ash, calcareous; fly ash, siliceous); Snellings et al., Cem Concr Res, 64, 89-98, 2014 (pozzolana, natural calcined); Parrot and Killoh, Br. Ceram. Proc., 35, 41-53, 1984 & Lothenbach et al., Cem. Concr. Res., 38(6), 2008 (clinker)"
CEM,Portland-composite cement (CEM II/A-M),7,68,68,uniform,15.0,35.0,normal,,,,,,,7.0,10.0,uniform,2.0,15.0,normal,8.0,14.0,normal,,,,,,,,,,,,,,,,,,,,,,,,,,,,,,,,,,100,100,uniform,100,100,uniform,"Durdinski et al., Mater Struct, 50, 135, 2017 (slag; fly ash, calcareous; fly ash, siliceous); Snellings et al., Cem Concr Res, 64, 89-98, 2014 (pozzolana, natural calcined); Parrot and Killoh, Br. Ceram. Proc., 35, 41-53, 1984 & Lothenbach et al., Cem. Concr. Res., 38(6), 2008 (clinker)"
CEM,Portland-composite cement (CEM II/B-M),7,68,68,uniform,15.0,35.0,normal,,,,,,,7.0,10.0,uniform,2.0,15.0,normal,8.0,14.0,normal,,,,,,,,,,,,,,,,,,,,,,,,,,,,,,,,,,100,100,uniform,100,100,uniform,"Durdinski et al., Mater Struct, 50, 135, 2017 (slag; fly ash, calcareous; fly ash, siliceous); Snellings et al., Cem Concr Res, 64, 89-98, 2014 (pozzolana, natural calcined); Parrot and Killoh, Br. Ceram. Proc., 35, 41-53, 1984 & Lothenbach et al., Cem. Concr. Res., 38(6), 2008 (clinker)"
CEM,Blast furnace cement (CEM III/A),7,68,68,uniform,15.0,35.0,normal,,,,,,,7.0,10.0,uniform,2.0,15.0,normal,8.0,14.0,normal,,,,,,,,,,,,,,,,,,,,,,,,,,,,,,,,,,100,100,uniform,100,100,uniform,"Durdinski et al., Mater Struct, 50, 135, 2017 (slag; fly ash, calcareous; fly ash, siliceous); Snellings et al., Cem Concr Res, 64, 89-98, 2014 (pozzolana, natural calcined); Parrot and Killoh, Br. Ceram. Proc., 35, 41-53, 1984 & Lothenbach et al., Cem. Concr. Res., 38(6), 2008 (clinker)"
CEM,Blast furnace cement (CEM III/B),7,68,68,uniform,15.0,35.0,normal,,,,,,,7.0,10.0,uniform,2.0,15.0,normal,8.0,14.0,normal,,,,,,,,,,,,,,,,,,,,,,,,,,,,,,,,,,100,100,uniform,100,100,uniform,"Durdinski et al., Mater Struct, 50, 135, 2017 (slag; fly ash, calcareous; fly ash, siliceous); Snellings et al., Cem Concr Res, 64, 89-98, 2014 (pozzolana, natural calcined); Parrot and Killoh, Br. Ceram. Proc., 35, 41-53, 1984 & Lothenbach et al., Cem. Concr. Res., 38(6), 2008 (clinker)"
CEM,Blast furnace cement (CEM III/C),7,68,68,uniform,15.0,35.0,normal,,,,,,,7.0,10.0,uniform,2.0,15.0,normal,8.0,14.0,normal,,,,,,,,,,,,,,,,,,,,,,,,,,,,,,,,,,100,100,uniform,100,100,uniform,"Durdinski et al., Mater Struct, 50, 135, 2017 (slag; fly ash, calcareous; fly ash, siliceous); Snellings et al., Cem Concr Res, 64, 89-98, 2014 (pozzolana, natural calcined); Parrot and Killoh, Br. Ceram. Proc., 35, 41-53, 1984 & Lothenbach et al., Cem. Concr. Res., 38(6), 2008 (clinker)"
CEM,Pozzolanic cement (CEM IV/A),7,68,68,uniform,15.0,35.0,normal,,,,,,,7.0,10.0,uniform,2.0,15.0,normal,8.0,14.0,normal,,,,,,,,,,,,,,,,,,,,,,,,,,,,,,,,,,100,100,uniform,100,100,uniform,"Durdinski et al., Mater Struct, 50, 135, 2017 (slag; fly ash, calcareous; fly ash, siliceous); Snellings et al., Cem Concr Res, 64, 89-98, 2014 (pozzolana, natural calcined); Parrot and Killoh, Br. Ceram. Proc., 35, 41-53, 1984 & Lothenbach et al., Cem. Concr. Res., 38(6), 2008 (clinker)"
CEM,Pozzolanic cement (CEM IV/B),7,68,68,uniform,15.0,35.0,normal,,,,,,,7.0,10.0,uniform,2.0,15.0,normal,8.0,14.0,normal,,,,,,,,,,,,,,,,,,,,,,,,,,,,,,,,,,100,100,uniform,100,100,uniform,"Durdinski et al., Mater Struct, 50, 135, 2017 (slag; fly ash, calcareous; fly ash, siliceous); Snellings et al., Cem Concr Res, 64, 89-98, 2014 (pozzolana, natural calcined); Parrot and Killoh, Br. Ceram. Proc., 35, 41-53, 1984 & Lothenbach et al., Cem. Concr. Res., 38(6), 2008 (clinker)"
CEM,Composite cement (CEM V/A),7,68,68,uniform,15.0,35.0,normal,,,,,,,7.0,10.0,uniform,2.0,15.0,normal,8.0,14.0,normal,,,,,,,,,,,,,,,,,,,,,,,,,,,,,,,,,,100,100,uniform,100,100,uniform,"Durdinski et al., Mater Struct, 50, 135, 2017 (slag; fly ash, calcareous; fly ash, siliceous); Snellings et al., Cem Concr Res, 64, 89-98, 2014 (pozzolana, natural calcined); Parrot and Killoh, Br. Ceram. Proc., 35, 41-53, 1984 & Lothenbach et al., Cem. Concr. Res., 38(6), 2008 (clinker)"
CEM,Portland cement (CEM I),28,79,79,uniform,25.0,55.0,normal,,,,,,,21.0,24.0,uniform,5.0,20.0,normal,15.0,30.0,normal,,,,,,,,,,,,,,,,,,,,,,,,,,,,,,,,,,100,100,uniform,100,100,uniform,"Durdinski et al., Mater Struct, 50, 135, 2017 (slag; fly ash, calcareous; fly ash, siliceous); Snellings et al., Cem Concr Res, 64, 89-98, 2014 (pozzolana, natural calcined); Parrot and Killoh, Br. Ceram. Proc., 35, 41-53, 1984 & Lothenbach et al., Cem. Concr. Res., 38(6), 2008 (clinker)"
CEM,Portland-slag cement (CEM II/A-S),28,79,79,uniform,25.0,55.0,normal,,,,,,,21.0,24.0,uniform,5.0,20.0,normal,15.0,30.0,normal,,,,,,,,,,,,,,,,,,,,,,,,,,,,,,,,,,100,100,uniform,100,100,uniform,"Durdinski et al., Mater Struct, 50, 135, 2017 (slag; fly ash, calcareous; fly ash, siliceous); Snellings et al., Cem Concr Res, 64, 89-98, 2014 (pozzolana, natural calcined); Parrot and Killoh, Br. Ceram. Proc., 35, 41-53, 1984 & Lothenbach et al., Cem. Concr. Res., 38(6), 2008 (clinker)"
CEM,Portland-slag cement (CEM II/B-S),28,79,79,uniform,25.0,55.0,normal,,,,,,,21.0,24.0,uniform,5.0,20.0,normal,15.0,30.0,normal,,,,,,,,,,,,,,,,,,,,,,,,,,,,,,,,,,100,100,uniform,100,100,uniform,"Durdinski et al., Mater Struct, 50, 135, 2017 (slag; fly ash, calcareous; fly ash, siliceous); Snellings et al., Cem Concr Res, 64, 89-98, 2014 (pozzolana, natural calcined); Parrot and Killoh, Br. Ceram. Proc., 35, 41-53, 1984 & Lothenbach et al., Cem. Concr. Res., 38(6), 2008 (clinker)"
CEM,Portland-silica fume cement (CEM II/A-D),28,79,79,uniform,25.0,55.0,normal,,,,,,,21.0,24.0,uniform,5.0,20.0,normal,15.0,30.0,normal,,,,,,,,,,,,,,,,,,,,,,,,,,,,,,,,,,100,100,uniform,100,100,uniform,"Durdinski et al., Mater Struct, 50, 135, 2017 (slag; fly ash, calcareous; fly ash, siliceous); Snellings et al., Cem Concr Res, 64, 89-98, 2014 (pozzolana, natural calcined); Parrot and Killoh, Br. Ceram. Proc., 35, 41-53, 1984 & Lothenbach et al., Cem. Concr. Res., 38(6), 2008 (clinker)"
CEM,Portland-pozzolana cement (CEM II/A-P),28,79,79,uniform,25.0,55.0,normal,,,,,,,21.0,24.0,uniform,5.0,20.0,normal,15.0,30.0,normal,,,,,,,,,,,,,,,,,,,,,,,,,,,,,,,,,,100,100,uniform,100,100,uniform,"Durdinski et al., Mater Struct, 50, 135, 2017 (slag; fly ash, calcareous; fly ash, siliceous); Snellings et al., Cem Concr Res, 64, 89-98, 2014 (pozzolana, natural calcined); Parrot and Killoh, Br. Ceram. Proc., 35, 41-53, 1984 & Lothenbach et al., Cem. Concr. Res., 38(6), 2008 (clinker)"
CEM,Portland-pozzolana cement (CEM II/B-P),28,79,79,uniform,25.0,55.0,normal,,,,,,,21.0,24.0,uniform,5.0,20.0,normal,15.0,30.0,normal,,,,,,,,,,,,,,,,,,,,,,,,,,,,,,,,,,100,100,uniform,100,100,uniform,"Durdinski et al., Mater Struct, 50, 135, 2017 (slag; fly ash, calcareous; fly ash, siliceous); Snellings et al., Cem Concr Res, 64, 89-98, 2014 (pozzolana, natural calcined); Parrot and Killoh, Br. Ceram. Proc., 35, 41-53, 1984 & Lothenbach et al., Cem. Concr. Res., 38(6), 2008 (clinker)"
CEM,Portland-pozzolana cement (CEM II/A-Q),28,79,79,uniform,25.0,55.0,normal,,,,,,,21.0,24.0,uniform,5.0,20.0,normal,15.0,30.0,normal,,,,,,,,,,,,,,,,,,,,,,,,,,,,,,,,,,100,100,uniform,100,100,uniform,"Durdinski et al., Mater Struct, 50, 135, 2017 (slag; fly ash, calcareous; fly ash, siliceous); Snellings et al., Cem Concr Res, 64, 89-98, 2014 (pozzolana, natural calcined); Parrot and Killoh, Br. Ceram. Proc., 35, 41-53, 1984 & Lothenbach et al., Cem. Concr. Res., 38(6), 2008 (clinker)"
CEM,Portland-pozzolana cement (CEM II/B-Q),28,79,79,uniform,25.0,55.0,normal,,,,,,,21.0,24.0,uniform,5.0,20.0,normal,15.0,30.0,normal,,,,,,,,,,,,,,,,,,,,,,,,,,,,,,,,,,100,100,uniform,100,100,uniform,"Durdinski et al., Mater Struct, 50, 135, 2017 (slag; fly ash, calcareous; fly ash, siliceous); Snellings et al., Cem Concr Res, 64, 89-98, 2014 (pozzolana, natural calcined); Parrot and Killoh, Br. Ceram. Proc., 35, 41-53, 1984 & Lothenbach et al., Cem. Concr. Res., 38(6), 2008 (clinker)"
CEM,Portland-fly ash cement (CEM II/A-V),28,79,79,uniform,25.0,55.0,normal,,,,,,,21.0,24.0,uniform,5.0,20.0,normal,15.0,30.0,normal,,,,,,,,,,,,,,,,,,,,,,,,,,,,,,,,,,100,100,uniform,100,100,uniform,"Durdinski et al., Mater Struct, 50, 135, 2017 (slag; fly ash, calcareous; fly ash, siliceous); Snellings et al., Cem Concr Res, 64, 89-98, 2014 (pozzolana, natural calcined); Parrot and Killoh, Br. Ceram. Proc., 35, 41-53, 1984 & Lothenbach et al., Cem. Concr. Res., 38(6), 2008 (clinker)"
CEM,Portland-fly ash cement (CEM II/B-V),28,79,79,uniform,25.0,55.0,normal,,,,,,,21.0,24.0,uniform,5.0,20.0,normal,15.0,30.0,normal,,,,,,,,,,,,,,,,,,,,,,,,,,,,,,,,,,100,100,uniform,100,100,uniform,"Durdinski et al., Mater Struct, 50, 135, 2017 (slag; fly ash, calcareous; fly ash, siliceous); Snellings et al., Cem Concr Res, 64, 89-98, 2014 (pozzolana, natural calcined); Parrot and Killoh, Br. Ceram. Proc., 35, 41-53, 1984 & Lothenbach et al., Cem. Concr. Res., 38(6), 2008 (clinker)"
CEM,Portland-fly ash cement (CEM II/A-W),28,79,79,uniform,25.0,55.0,normal,,,,,,,21.0,24.0,uniform,5.0,20.0,normal,15.0,30.0,normal,,,,,,,,,,,,,,,,,,,,,,,,,,,,,,,,,,100,100,uniform,100,100,uniform,"Durdinski et al., Mater Struct, 50, 135, 2017 (slag; fly ash, calcareous; fly ash, siliceous); Snellings et al., Cem Concr Res, 64, 89-98, 2014 (pozzolana, natural calcined); Parrot and Killoh, Br. Ceram. Proc., 35, 41-53, 1984 & Lothenbach et al., Cem. Concr. Res., 38(6), 2008 (clinker)"
CEM,Portland-fly ash cement (CEM II/B-W),28,79,79,uniform,25.0,55.0,normal,,,,,,,21.0,24.0,uniform,5.0,20.0,normal,15.0,30.0,normal,,,,,,,,,,,,,,,,,,,,,,,,,,,,,,,,,,100,100,uniform,100,100,uniform,"Durdinski et al., Mater Struct, 50, 135, 2017 (slag; fly ash, calcareous; fly ash, siliceous); Snellings et al., Cem Concr Res, 64, 89-98, 2014 (pozzolana, natural calcined); Parrot and Killoh, Br. Ceram. Proc., 35, 41-53, 1984 & Lothenbach et al., Cem. Concr. Res., 38(6), 2008 (clinker)"
CEM,Portland-burnt shale cement (CEM II/A-T),28,79,79,uniform,25.0,55.0,normal,,,,,,,21.0,24.0,uniform,5.0,20.0,normal,15.0,30.0,normal,,,,,,,,,,,,,,,,,,,,,,,,,,,,,,,,,,100,100,uniform,100,100,uniform,"Durdinski et al., Mater Struct, 50, 135, 2017 (slag; fly ash, calcareous; fly ash, siliceous); Snellings et al., Cem Concr Res, 64, 89-98, 2014 (pozzolana, natural calcined); Parrot and Killoh, Br. Ceram. Proc., 35, 41-53, 1984 & Lothenbach et al., Cem. Concr. Res., 38(6), 2008 (clinker)"
CEM,Portland-burnt shale cement (CEM II/B-T),28,79,79,uniform,25.0,55.0,normal,,,,,,,21.0,24.0,uniform,5.0,20.0,normal,15.0,30.0,normal,,,,,,,,,,,,,,,,,,,,,,,,,,,,,,,,,,100,100,uniform,100,100,uniform,"Durdinski et al., Mater Struct, 50, 135, 2017 (slag; fly ash, calcareous; fly ash, siliceous); Snellings et al., Cem Concr Res, 64, 89-98, 2014 (pozzolana, natural calcined); Parrot and Killoh, Br. Ceram. Proc., 35, 41-53, 1984 & Lothenbach et al., Cem. Concr. Res., 38(6), 2008 (clinker)"
CEM,Portland-limestone cement (CEM II/A-L),28,79,79,uniform,25.0,55.0,normal,,,,,,,21.0,24.0,uniform,5.0,20.0,normal,15.0,30.0,normal,,,,,,,,,,,,,,,,,,,,,,,,,,,,,,,,,,100,100,uniform,100,100,uniform,"Durdinski et al., Mater Struct, 50, 135, 2017 (slag; fly ash, calcareous; fly ash, siliceous); Snellings et al., Cem Concr Res, 64, 89-98, 2014 (pozzolana, natural calcined); Parrot and Killoh, Br. Ceram. Proc., 35, 41-53, 1984 & Lothenbach et al., Cem. Concr. Res., 38(6), 2008 (clinker)"
CEM,Portland-limestone cement (CEM II/B-L),28,79,79,uniform,25.0,55.0,normal,,,,,,,21.0,24.0,uniform,5.0,20.0,normal,15.0,30.0,normal,,,,,,,,,,,,,,,,,,,,,,,,,,,,,,,,,,100,100,uniform,100,100,uniform,"Durdinski et al., Mater Struct, 50, 135, 2017 (slag; fly ash, calcareous; fly ash, siliceous); Snellings et al., Cem Concr Res, 64, 89-98, 2014 (pozzolana, natural calcined); Parrot and Killoh, Br. Ceram. Proc., 35, 41-53, 1984 & Lothenbach et al., Cem. Concr. Res., 38(6), 2008 (clinker)"
CEM,Portland-limestone cement (CEM II/A-LL),28,79,79,uniform,25.0,55.0,normal,,,,,,,21.0,24.0,uniform,5.0,20.0,normal,15.0,30.0,normal,,,,,,,,,,,,,,,,,,,,,,,,,,,,,,,,,,100,100,uniform,100,100,uniform,"Durdinski et al., Mater Struct, 50, 135, 2017 (slag; fly ash, calcareous; fly ash, siliceous); Snellings et al., Cem Concr Res, 64, 89-98, 2014 (pozzolana, natural calcined); Parrot and Killoh, Br. Ceram. Proc., 35, 41-53, 1984 & Lothenbach et al., Cem. Concr. Res., 38(6), 2008 (clinker)"
CEM,Portland-limestone cement (CEM II/B-LL),28,79,79,uniform,25.0,55.0,normal,,,,,,,21.0,24.0,uniform,5.0,20.0,normal,15.0,30.0,normal,,,,,,,,,,,,,,,,,,,,,,,,,,,,,,,,,,100,100,uniform,100,100,uniform,"Durdinski et al., Mater Struct, 50, 135, 2017 (slag; fly ash, calcareous; fly ash, siliceous); Snellings et al., Cem Concr Res, 64, 89-98, 2014 (pozzolana, natural calcined); Parrot and Killoh, Br. Ceram. Proc., 35, 41-53, 1984 & Lothenbach et al., Cem. Concr. Res., 38(6), 2008 (clinker)"
CEM,Portland-composite cement (CEM II/A-M),28,79,79,uniform,25.0,55.0,normal,,,,,,,21.0,24.0,uniform,5.0,20.0,normal,15.0,30.0,normal,,,,,,,,,,,,,,,,,,,,,,,,,,,,,,,,,,100,100,uniform,100,100,uniform,"Durdinski et al., Mater Struct, 50, 135, 2017 (slag; fly ash, calcareous; fly ash, siliceous); Snellings et al., Cem Concr Res, 64, 89-98, 2014 (pozzolana, natural calcined); Parrot and Killoh, Br. Ceram. Proc., 35, 41-53, 1984 & Lothenbach et al., Cem. Concr. Res., 38(6), 2008 (clinker)"
CEM,Portland-composite cement (CEM II/B-M),28,79,79,uniform,25.0,55.0,normal,,,,,,,21.0,24.0,uniform,5.0,20.0,normal,15.0,30.0,normal,,,,,,,,,,,,,,,,,,,,,,,,,,,,,,,,,,100,100,uniform,100,100,uniform,"Durdinski et al., Mater Struct, 50, 135, 2017 (slag; fly ash, calcareous; fly ash, siliceous); Snellings et al., Cem Concr Res, 64, 89-98, 2014 (pozzolana, natural calcined); Parrot and Killoh, Br. Ceram. Proc., 35, 41-53, 1984 & Lothenbach et al., Cem. Concr. Res., 38(6), 2008 (clinker)"
CEM,Blast furnace cement (CEM III/A),28,79,79,uniform,25.0,55.0,normal,,,,,,,21.0,24.0,uniform,5.0,20.0,normal,15.0,30.0,normal,,,,,,,,,,,,,,,,,,,,,,,,,,,,,,,,,,100,100,uniform,100,100,uniform,"Durdinski et al., Mater Struct, 50, 135, 2017 (slag; fly ash, calcareous; fly ash, siliceous); Snellings et al., Cem Concr Res, 64, 89-98, 2014 (pozzolana, natural calcined); Parrot and Killoh, Br. Ceram. Proc., 35, 41-53, 1984 & Lothenbach et al., Cem. Concr. Res., 38(6), 2008 (clinker)"
CEM,Blast furnace cement (CEM III/B),28,79,79,uniform,25.0,55.0,normal,,,,,,,21.0,24.0,uniform,5.0,20.0,normal,15.0,30.0,normal,,,,,,,,,,,,,,,,,,,,,,,,,,,,,,,,,,100,100,uniform,100,100,uniform,"Durdinski et al., Mater Struct, 50, 135, 2017 (slag; fly ash, calcareous; fly ash, siliceous); Snellings et al., Cem Concr Res, 64, 89-98, 2014 (pozzolana, natural calcined); Parrot and Killoh, Br. Ceram. Proc., 35, 41-53, 1984 & Lothenbach et al., Cem. Concr. Res., 38(6), 2008 (clinker)"
CEM,Blast furnace cement (CEM III/C),28,79,79,uniform,25.0,55.0,normal,,,,,,,21.0,24.0,uniform,5.0,20.0,normal,15.0,30.0,normal,,,,,,,,,,,,,,,,,,,,,,,,,,,,,,,,,,100,100,uniform,100,100,uniform,"Durdinski et al., Mater Struct, 50, 135, 2017 (slag; fly ash, calcareous; fly ash, siliceous); Snellings et al., Cem Concr Res, 64, 89-98, 2014 (pozzolana, natural calcined); Parrot and Killoh, Br. Ceram. Proc., 35, 41-53, 1984 & Lothenbach et al., Cem. Concr. Res., 38(6), 2008 (clinker)"
CEM,Pozzolanic cement (CEM IV/A),28,79,79,uniform,25.0,55.0,normal,,,,,,,21.0,24.0,uniform,5.0,20.0,normal,15.0,30.0,normal,,,,,,,,,,,,,,,,,,,,,,,,,,,,,,,,,,100,100,uniform,100,100,uniform,"Durdinski et al., Mater Struct, 50, 135, 2017 (slag; fly ash, calcareous; fly ash, siliceous); Snellings et al., Cem Concr Res, 64, 89-98, 2014 (pozzolana, natural calcined); Parrot and Killoh, Br. Ceram. Proc., 35, 41-53, 1984 & Lothenbach et al., Cem. Concr. Res., 38(6), 2008 (clinker)"
CEM,Pozzolanic cement (CEM IV/B),28,79,79,uniform,25.0,55.0,normal,,,,,,,21.0,24.0,uniform,5.0,20.0,normal,15.0,30.0,normal,,,,,,,,,,,,,,,,,,,,,,,,,,,,,,,,,,100,100,uniform,100,100,uniform,"Durdinski et al., Mater Struct, 50, 135, 2017 (slag; fly ash, calcareous; fly ash, siliceous); Snellings et al., Cem Concr Res, 64, 89-98, 2014 (pozzolana, natural calcined); Parrot and Killoh, Br. Ceram. Proc., 35, 41-53, 1984 & Lothenbach et al., Cem. Concr. Res., 38(6), 2008 (clinker)"
CEM,Composite cement (CEM V/A),28,79,79,uniform,25.0,55.0,normal,,,,,,,21.0,24.0,uniform,5.0,20.0,normal,15.0,30.0,normal,,,,,,,,,,,,,,,,,,,,,,,,,,,,,,,,,,100,100,uniform,100,100,uniform,"Durdinski et al., Mater Struct, 50, 135, 2017 (slag; fly ash, calcareous; fly ash, siliceous); Snellings et al., Cem Concr Res, 64, 89-98, 2014 (pozzolana, natural calcined); Parrot and Killoh, Br. Ceram. Proc., 35, 41-53, 1984 & Lothenbach et al., Cem. Concr. Res., 38(6), 2008 (clinker)"
CEM,Portland cement (CEM I),90,83,83,uniform,30.0,75.0,normal,,,,,,,,,,12.0,25.0,normal,20.0,43.0,normal,,,,,,,,,,,,,,,,,,,,,,,,,,,,,,,,,,100,100,uniform,100,100,uniform,"Durdinski et al., Mater Struct, 50, 135, 2017 (slag; fly ash, calcareous; fly ash, siliceous); Snellings et al., Cem Concr Res, 64, 89-98, 2014 (pozzolana, natural calcined); Parrot and Killoh, Br. Ceram. Proc., 35, 41-53, 1984 & Lothenbach et al., Cem. Concr. Res., 38(6), 2008 (clinker)"
CEM,Portland-slag cement (CEM II/A-S),90,83,83,uniform,30.0,75.0,normal,,,,,,,,,,12.0,25.0,normal,20.0,43.0,normal,,,,,,,,,,,,,,,,,,,,,,,,,,,,,,,,,,100,100,uniform,100,100,uniform,"Durdinski et al., Mater Struct, 50, 135, 2017 (slag; fly ash, calcareous; fly ash, siliceous); Snellings et al., Cem Concr Res, 64, 89-98, 2014 (pozzolana, natural calcined); Parrot and Killoh, Br. Ceram. Proc., 35, 41-53, 1984 & Lothenbach et al., Cem. Concr. Res., 38(6), 2008 (clinker)"
CEM,Portland-slag cement (CEM II/B-S),90,83,83,uniform,30.0,75.0,normal,,,,,,,,,,12.0,25.0,normal,20.0,43.0,normal,,,,,,,,,,,,,,,,,,,,,,,,,,,,,,,,,,100,100,uniform,100,100,uniform,"Durdinski et al., Mater Struct, 50, 135, 2017 (slag; fly ash, calcareous; fly ash, siliceous); Snellings et al., Cem Concr Res, 64, 89-98, 2014 (pozzolana, natural calcined); Parrot and Killoh, Br. Ceram. Proc., 35, 41-53, 1984 & Lothenbach et al., Cem. Concr. Res., 38(6), 2008 (clinker)"
CEM,Portland-silica fume cement (CEM II/A-D),90,83,83,uniform,30.0,75.0,normal,,,,,,,,,,12.0,25.0,normal,20.0,43.0,normal,,,,,,,,,,,,,,,,,,,,,,,,,,,,,,,,,,100,100,uniform,100,100,uniform,"Durdinski et al., Mater Struct, 50, 135, 2017 (slag; fly ash, calcareous; fly ash, siliceous); Snellings et al., Cem Concr Res, 64, 89-98, 2014 (pozzolana, natural calcined); Parrot and Killoh, Br. Ceram. Proc., 35, 41-53, 1984 & Lothenbach et al., Cem. Concr. Res., 38(6), 2008 (clinker)"
CEM,Portland-pozzolana cement (CEM II/A-P),90,83,83,uniform,30.0,75.0,normal,,,,,,,,,,12.0,25.0,normal,20.0,43.0,normal,,,,,,,,,,,,,,,,,,,,,,,,,,,,,,,,,,100,100,uniform,100,100,uniform,"Durdinski et al., Mater Struct, 50, 135, 2017 (slag; fly ash, calcareous; fly ash, siliceous); Snellings et al., Cem Concr Res, 64, 89-98, 2014 (pozzolana, natural calcined); Parrot and Killoh, Br. Ceram. Proc., 35, 41-53, 1984 & Lothenbach et al., Cem. Concr. Res., 38(6), 2008 (clinker)"
CEM,Portland-pozzolana cement (CEM II/B-P),90,83,83,uniform,30.0,75.0,normal,,,,,,,,,,12.0,25.0,normal,20.0,43.0,normal,,,,,,,,,,,,,,,,,,,,,,,,,,,,,,,,,,100,100,uniform,100,100,uniform,"Durdinski et al., Mater Struct, 50, 135, 2017 (slag; fly ash, calcareous; fly ash, siliceous); Snellings et al., Cem Concr Res, 64, 89-98, 2014 (pozzolana, natural calcined); Parrot and Killoh, Br. Ceram. Proc., 35, 41-53, 1984 & Lothenbach et al., Cem. Concr. Res., 38(6), 2008 (clinker)"
CEM,Portland-pozzolana cement (CEM II/A-Q),90,83,83,uniform,30.0,75.0,normal,,,,,,,,,,12.0,25.0,normal,20.0,43.0,normal,,,,,,,,,,,,,,,,,,,,,,,,,,,,,,,,,,100,100,uniform,100,100,uniform,"Durdinski et al., Mater Struct, 50, 135, 2017 (slag; fly ash, calcareous; fly ash, siliceous); Snellings et al., Cem Concr Res, 64, 89-98, 2014 (pozzolana, natural calcined); Parrot and Killoh, Br. Ceram. Proc., 35, 41-53, 1984 & Lothenbach et al., Cem. Concr. Res., 38(6), 2008 (clinker)"
CEM,Portland-pozzolana cement (CEM II/B-Q),90,83,83,uniform,30.0,75.0,normal,,,,,,,,,,12.0,25.0,normal,20.0,43.0,normal,,,,,,,,,,,,,,,,,,,,,,,,,,,,,,,,,,100,100,uniform,100,100,uniform,"Durdinski et al., Mater Struct, 50, 135, 2017 (slag; fly ash, calcareous; fly ash, siliceous); Snellings et al., Cem Concr Res, 64, 89-98, 2014 (pozzolana, natural calcined); Parrot and Killoh, Br. Ceram. Proc., 35, 41-53, 1984 & Lothenbach et al., Cem. Concr. Res., 38(6), 2008 (clinker)"
CEM,Portland-fly ash cement (CEM II/A-V),90,83,83,uniform,30.0,75.0,normal,,,,,,,,,,12.0,25.0,normal,20.0,43.0,normal,,,,,,,,,,,,,,,,,,,,,,,,,,,,,,,,,,100,100,uniform,100,100,uniform,"Durdinski et al., Mater Struct, 50, 135, 2017 (slag; fly ash, calcareous; fly ash, siliceous); Snellings et al., Cem Concr Res, 64, 89-98, 2014 (pozzolana, natural calcined); Parrot and Killoh, Br. Ceram. Proc., 35, 41-53, 1984 & Lothenbach et al., Cem. Concr. Res., 38(6), 2008 (clinker)"
CEM,Portland-fly ash cement (CEM II/B-V),90,83,83,uniform,30.0,75.0,normal,,,,,,,,,,12.0,25.0,normal,20.0,43.0,normal,,,,,,,,,,,,,,,,,,,,,,,,,,,,,,,,,,100,100,uniform,100,100,uniform,"Durdinski et al., Mater Struct, 50, 135, 2017 (slag; fly ash, calcareous; fly ash, siliceous); Snellings et al., Cem Concr Res, 64, 89-98, 2014 (pozzolana, natural calcined); Parrot and Killoh, Br. Ceram. Proc., 35, 41-53, 1984 & Lothenbach et al., Cem. Concr. Res., 38(6), 2008 (clinker)"
CEM,Portland-fly ash cement (CEM II/A-W),90,83,83,uniform,30.0,75.0,normal,,,,,,,,,,12.0,25.0,normal,20.0,43.0,normal,,,,,,,,,,,,,,,,,,,,,,,,,,,,,,,,,,100,100,uniform,100,100,uniform,"Durdinski et al., Mater Struct, 50, 135, 2017 (slag; fly ash, calcareous; fly ash, siliceous); Snellings et al., Cem Concr Res, 64, 89-98, 2014 (pozzolana, natural calcined); Parrot and Killoh, Br. Ceram. Proc., 35, 41-53, 1984 & Lothenbach et al., Cem. Concr. Res., 38(6), 2008 (clinker)"
CEM,Portland-fly ash cement (CEM II/B-W),90,83,83,uniform,30.0,75.0,normal,,,,,,,,,,12.0,25.0,normal,20.0,43.0,normal,,,,,,,,,,,,,,,,,,,,,,,,,,,,,,,,,,100,100,uniform,100,100,uniform,"Durdinski et al., Mater Struct, 50, 135, 2017 (slag; fly ash, calcareous; fly ash, siliceous); Snellings et al., Cem Concr Res, 64, 89-98, 2014 (pozzolana, natural calcined); Parrot and Killoh, Br. Ceram. Proc., 35, 41-53, 1984 & Lothenbach et al., Cem. Concr. Res., 38(6), 2008 (clinker)"
CEM,Portland-burnt shale cement (CEM II/A-T),90,83,83,uniform,30.0,75.0,normal,,,,,,,,,,12.0,25.0,normal,20.0,43.0,normal,,,,,,,,,,,,,,,,,,,,,,,,,,,,,,,,,,100,100,uniform,100,100,uniform,"Durdinski et al., Mater Struct, 50, 135, 2017 (slag; fly ash, calcareous; fly ash, siliceous); Snellings et al., Cem Concr Res, 64, 89-98, 2014 (pozzolana, natural calcined); Parrot and Killoh, Br. Ceram. Proc., 35, 41-53, 1984 & Lothenbach et al., Cem. Concr. Res., 38(6), 2008 (clinker)"
CEM,Portland-burnt shale cement (CEM II/B-T),90,83,83,uniform,30.0,75.0,normal,,,,,,,,,,12.0,25.0,normal,20.0,43.0,normal,,,,,,,,,,,,,,,,,,,,,,,,,,,,,,,,,,100,100,uniform,100,100,uniform,"Durdinski et al., Mater Struct, 50, 135, 2017 (slag; fly ash, calcareous; fly ash, siliceous); Snellings et al., Cem Concr Res, 64, 89-98, 2014 (pozzolana, natural calcined); Parrot and Killoh, Br. Ceram. Proc., 35, 41-53, 1984 & Lothenbach et al., Cem. Concr. Res., 38(6), 2008 (clinker)"
CEM,Portland-limestone cement (CEM II/A-L),90,83,83,uniform,30.0,75.0,normal,,,,,,,,,,12.0,25.0,normal,20.0,43.0,normal,,,,,,,,,,,,,,,,,,,,,,,,,,,,,,,,,,100,100,uniform,100,100,uniform,"Durdinski et al., Mater Struct, 50, 135, 2017 (slag; fly ash, calcareous; fly ash, siliceous); Snellings et al., Cem Concr Res, 64, 89-98, 2014 (pozzolana, natural calcined); Parrot and Killoh, Br. Ceram. Proc., 35, 41-53, 1984 & Lothenbach et al., Cem. Concr. Res., 38(6), 2008 (clinker)"
CEM,Portland-limestone cement (CEM II/B-L),90,83,83,uniform,30.0,75.0,normal,,,,,,,,,,12.0,25.0,normal,20.0,43.0,normal,,,,,,,,,,,,,,,,,,,,,,,,,,,,,,,,,,100,100,uniform,100,100,uniform,"Durdinski et al., Mater Struct, 50, 135, 2017 (slag; fly ash, calcareous; fly ash, siliceous); Snellings et al., Cem Concr Res, 64, 89-98, 2014 (pozzolana, natural calcined); Parrot and Killoh, Br. Ceram. Proc., 35, 41-53, 1984 & Lothenbach et al., Cem. Concr. Res., 38(6), 2008 (clinker)"
CEM,Portland-limestone cement (CEM II/A-LL),90,83,83,uniform,30.0,75.0,normal,,,,,,,,,,12.0,25.0,normal,20.0,43.0,normal,,,,,,,,,,,,,,,,,,,,,,,,,,,,,,,,,,100,100,uniform,100,100,uniform,"Durdinski et al., Mater Struct, 50, 135, 2017 (slag; fly ash, calcareous; fly ash, siliceous); Snellings et al., Cem Concr Res, 64, 89-98, 2014 (pozzolana, natural calcined); Parrot and Killoh, Br. Ceram. Proc., 35, 41-53, 1984 & Lothenbach et al., Cem. Concr. Res., 38(6), 2008 (clinker)"
CEM,Portland-limestone cement (CEM II/B-LL),90,83,83,uniform,30.0,75.0,normal,,,,,,,,,,12.0,25.0,normal,20.0,43.0,normal,,,,,,,,,,,,,,,,,,,,,,,,,,,,,,,,,,100,100,uniform,100,100,uniform,"Durdinski et al., Mater Struct, 50, 135, 2017 (slag; fly ash, calcareous; fly ash, siliceous); Snellings et al., Cem Concr Res, 64, 89-98, 2014 (pozzolana, natural calcined); Parrot and Killoh, Br. Ceram. Proc., 35, 41-53, 1984 & Lothenbach et al., Cem. Concr. Res., 38(6), 2008 (clinker)"
CEM,Portland-composite cement (CEM II/A-M),90,83,83,uniform,30.0,75.0,normal,,,,,,,,,,12.0,25.0,normal,20.0,43.0,normal,,,,,,,,,,,,,,,,,,,,,,,,,,,,,,,,,,100,100,uniform,100,100,uniform,"Durdinski et al., Mater Struct, 50, 135, 2017 (slag; fly ash, calcareous; fly ash, siliceous); Snellings et al., Cem Concr Res, 64, 89-98, 2014 (pozzolana, natural calcined); Parrot and Killoh, Br. Ceram. Proc., 35, 41-53, 1984 & Lothenbach et al., Cem. Concr. Res., 38(6), 2008 (clinker)"
CEM,Portland-composite cement (CEM II/B-M),90,83,83,uniform,30.0,75.0,normal,,,,,,,,,,12.0,25.0,normal,20.0,43.0,normal,,,,,,,,,,,,,,,,,,,,,,,,,,,,,,,,,,100,100,uniform,100,100,uniform,"Durdinski et al., Mater Struct, 50, 135, 2017 (slag; fly ash, calcareous; fly ash, siliceous); Snellings et al., Cem Concr Res, 64, 89-98, 2014 (pozzolana, natural calcined); Parrot and Killoh, Br. Ceram. Proc., 35, 41-53, 1984 & Lothenbach et al., Cem. Concr. Res., 38(6), 2008 (clinker)"
CEM,Blast furnace cement (CEM III/A),90,83,83,uniform,30.0,75.0,normal,,,,,,,,,,12.0,25.0,normal,20.0,43.0,normal,,,,,,,,,,,,,,,,,,,,,,,,,,,,,,,,,,100,100,uniform,100,100,uniform,"Durdinski et al., Mater Struct, 50, 135, 2017 (slag; fly ash, calcareous; fly ash, siliceous); Snellings et al., Cem Concr Res, 64, 89-98, 2014 (pozzolana, natural calcined); Parrot and Killoh, Br. Ceram. Proc., 35, 41-53, 1984 & Lothenbach et al., Cem. Concr. Res., 38(6), 2008 (clinker)"
CEM,Blast furnace cement (CEM III/B),90,83,83,uniform,30.0,75.0,normal,,,,,,,,,,12.0,25.0,normal,20.0,43.0,normal,,,,,,,,,,,,,,,,,,,,,,,,,,,,,,,,,,100,100,uniform,100,100,uniform,"Durdinski et al., Mater Struct, 50, 135, 2017 (slag; fly ash, calcareous; fly ash, siliceous); Snellings et al., Cem Concr Res, 64, 89-98, 2014 (pozzolana, natural calcined); Parrot and Killoh, Br. Ceram. Proc., 35, 41-53, 1984 & Lothenbach et al., Cem. Concr. Res., 38(6), 2008 (clinker)"
CEM,Blast furnace cement (CEM III/C),90,83,83,uniform,30.0,75.0,normal,,,,,,,,,,12.0,25.0,normal,20.0,43.0,normal,,,,,,,,,,,,,,,,,,,,,,,,,,,,,,,,,,100,100,uniform,100,100,uniform,"Durdinski et al., Mater Struct, 50, 135, 2017 (slag; fly ash, calcareous; fly ash, siliceous); Snellings et al., Cem Concr Res, 64, 89-98, 2014 (pozzolana, natural calcined); Parrot and Killoh, Br. Ceram. Proc., 35, 41-53, 1984 & Lothenbach et al., Cem. Concr. Res., 38(6), 2008 (clinker)"
CEM,Pozzolanic cement (CEM IV/A),90,83,83,uniform,30.0,75.0,normal,,,,,,,,,,12.0,25.0,normal,20.0,43.0,normal,,,,,,,,,,,,,,,,,,,,,,,,,,,,,,,,,,100,100,uniform,100,100,uniform,"Durdinski et al., Mater Struct, 50, 135, 2017 (slag; fly ash, calcareous; fly ash, siliceous); Snellings et al., Cem Concr Res, 64, 89-98, 2014 (pozzolana, natural calcined); Parrot and Killoh, Br. Ceram. Proc., 35, 41-53, 1984 & Lothenbach et al., Cem. Concr. Res., 38(6), 2008 (clinker)"
CEM,Pozzolanic cement (CEM IV/B),90,83,83,uniform,30.0,75.0,normal,,,,,,,,,,12.0,25.0,normal,20.0,43.0,normal,,,,,,,,,,,,,,,,,,,,,,,,,,,,,,,,,,100,100,uniform,100,100,uniform,"Durdinski et al., Mater Struct, 50, 135, 2017 (slag; fly ash, calcareous; fly ash, siliceous); Snellings et al., Cem Concr Res, 64, 89-98, 2014 (pozzolana, natural calcined); Parrot and Killoh, Br. Ceram. Proc., 35, 41-53, 1984 & Lothenbach et al., Cem. Concr. Res., 38(6), 2008 (clinker)"
CEM,Composite cement (CEM V/A),90,83,83,uniform,30.0,75.0,normal,,,,,,,,,,12.0,25.0,normal,20.0,43.0,normal,,,,,,,,,,,,,,,,,,,,,,,,,,,,,,,,,,100,100,uniform,100,100,uniform,"Durdinski et al., Mater Struct, 50, 135, 2017 (slag; fly ash, calcareous; fly ash, siliceous); Snellings et al., Cem Concr Res, 64, 89-98, 2014 (pozzolana, natural calcined); Parrot and Killoh, Br. Ceram. Proc., 35, 41-53, 1984 & Lothenbach et al., Cem. Concr. Res., 38(6), 2008 (clinker)"
CEM,Portland cement (CEM I),180,85,85,uniform,,,,,,,,,,,,,,,,,,,,,,,,,,,,,,,,,,,,,,,,,,,,,,,,,,,,100,100,uniform,100,100,uniform,"Durdinski et al., Mater Struct, 50, 135, 2017 (slag; fly ash, calcareous; fly ash, siliceous); Snellings et al., Cem Concr Res, 64, 89-98, 2014 (pozzolana, natural calcined); Parrot and Killoh, Br. Ceram. Proc., 35, 41-53, 1984 & Lothenbach et al., Cem. Concr. Res., 38(6), 2008 (clinker)"
CEM,Portland-slag cement (CEM II/A-S),180,85,85,uniform,,,,,,,,,,,,,,,,,,,,,,,,,,,,,,,,,,,,,,,,,,,,,,,,,,,,100,100,uniform,100,100,uniform,"Durdinski et al., Mater Struct, 50, 135, 2017 (slag; fly ash, calcareous; fly ash, siliceous); Snellings et al., Cem Concr Res, 64, 89-98, 2014 (pozzolana, natural calcined); Parrot and Killoh, Br. Ceram. Proc., 35, 41-53, 1984 & Lothenbach et al., Cem. Concr. Res., 38(6), 2008 (clinker)"
CEM,Portland-slag cement (CEM II/B-S),180,85,85,uniform,,,,,,,,,,,,,,,,,,,,,,,,,,,,,,,,,,,,,,,,,,,,,,,,,,,,100,100,uniform,100,100,uniform,"Durdinski et al., Mater Struct, 50, 135, 2017 (slag; fly ash, calcareous; fly ash, siliceous); Snellings et al., Cem Concr Res, 64, 89-98, 2014 (pozzolana, natural calcined); Parrot and Killoh, Br. Ceram. Proc., 35, 41-53, 1984 & Lothenbach et al., Cem. Concr. Res., 38(6), 2008 (clinker)"
CEM,Portland-silica fume cement (CEM II/A-D),180,85,85,uniform,,,,,,,,,,,,,,,,,,,,,,,,,,,,,,,,,,,,,,,,,,,,,,,,,,,,100,100,uniform,100,100,uniform,"Durdinski et al., Mater Struct, 50, 135, 2017 (slag; fly ash, calcareous; fly ash, siliceous); Snellings et al., Cem Concr Res, 64, 89-98, 2014 (pozzolana, natural calcined); Parrot and Killoh, Br. Ceram. Proc., 35, 41-53, 1984 & Lothenbach et al., Cem. Concr. Res., 38(6), 2008 (clinker)"
CEM,Portland-pozzolana cement (CEM II/A-P),180,85,85,uniform,,,,,,,,,,,,,,,,,,,,,,,,,,,,,,,,,,,,,,,,,,,,,,,,,,,,100,100,uniform,100,100,uniform,"Durdinski et al., Mater Struct, 50, 135, 2017 (slag; fly ash, calcareous; fly ash, siliceous); Snellings et al., Cem Concr Res, 64, 89-98, 2014 (pozzolana, natural calcined); Parrot and Killoh, Br. Ceram. Proc., 35, 41-53, 1984 & Lothenbach et al., Cem. Concr. Res., 38(6), 2008 (clinker)"
CEM,Portland-pozzolana cement (CEM II/B-P),180,85,85,uniform,,,,,,,,,,,,,,,,,,,,,,,,,,,,,,,,,,,,,,,,,,,,,,,,,,,,100,100,uniform,100,100,uniform,"Durdinski et al., Mater Struct, 50, 135, 2017 (slag; fly ash, calcareous; fly ash, siliceous); Snellings et al., Cem Concr Res, 64, 89-98, 2014 (pozzolana, natural calcined); Parrot and Killoh, Br. Ceram. Proc., 35, 41-53, 1984 & Lothenbach et al., Cem. Concr. Res., 38(6), 2008 (clinker)"
CEM,Portland-pozzolana cement (CEM II/A-Q),180,85,85,uniform,,,,,,,,,,,,,,,,,,,,,,,,,,,,,,,,,,,,,,,,,,,,,,,,,,,,100,100,uniform,100,100,uniform,"Durdinski et al., Mater Struct, 50, 135, 2017 (slag; fly ash, calcareous; fly ash, siliceous); Snellings et al., Cem Concr Res, 64, 89-98, 2014 (pozzolana, natural calcined); Parrot and Killoh, Br. Ceram. Proc., 35, 41-53, 1984 & Lothenbach et al., Cem. Concr. Res., 38(6), 2008 (clinker)"
CEM,Portland-pozzolana cement (CEM II/B-Q),180,85,85,uniform,,,,,,,,,,,,,,,,,,,,,,,,,,,,,,,,,,,,,,,,,,,,,,,,,,,,100,100,uniform,100,100,uniform,"Durdinski et al., Mater Struct, 50, 135, 2017 (slag; fly ash, calcareous; fly ash, siliceous); Snellings et al., Cem Concr Res, 64, 89-98, 2014 (pozzolana, natural calcined); Parrot and Killoh, Br. Ceram. Proc., 35, 41-53, 1984 & Lothenbach et al., Cem. Concr. Res., 38(6), 2008 (clinker)"
CEM,Portland-fly ash cement (CEM II/A-V),180,85,85,uniform,,,,,,,,,,,,,,,,,,,,,,,,,,,,,,,,,,,,,,,,,,,,,,,,,,,,100,100,uniform,100,100,uniform,"Durdinski et al., Mater Struct, 50, 135, 2017 (slag; fly ash, calcareous; fly ash, siliceous); Snellings et al., Cem Concr Res, 64, 89-98, 2014 (pozzolana, natural calcined); Parrot and Killoh, Br. Ceram. Proc., 35, 41-53, 1984 & Lothenbach et al., Cem. Concr. Res., 38(6), 2008 (clinker)"
CEM,Portland-fly ash cement (CEM II/B-V),180,85,85,uniform,,,,,,,,,,,,,,,,,,,,,,,,,,,,,,,,,,,,,,,,,,,,,,,,,,,,100,100,uniform,100,100,uniform,"Durdinski et al., Mater Struct, 50, 135, 2017 (slag; fly ash, calcareous; fly ash, siliceous); Snellings et al., Cem Concr Res, 64, 89-98, 2014 (pozzolana, natural calcined); Parrot and Killoh, Br. Ceram. Proc., 35, 41-53, 1984 & Lothenbach et al., Cem. Concr. Res., 38(6), 2008 (clinker)"
CEM,Portland-fly ash cement (CEM II/A-W),180,85,85,uniform,,,,,,,,,,,,,,,,,,,,,,,,,,,,,,,,,,,,,,,,,,,,,,,,,,,,100,100,uniform,100,100,uniform,"Durdinski et al., Mater Struct, 50, 135, 2017 (slag; fly ash, calcareous; fly ash, siliceous); Snellings et al., Cem Concr Res, 64, 89-98, 2014 (pozzolana, natural calcined); Parrot and Killoh, Br. Ceram. Proc., 35, 41-53, 1984 & Lothenbach et al., Cem. Concr. Res., 38(6), 2008 (clinker)"
CEM,Portland-fly ash cement (CEM II/B-W),180,85,85,uniform,,,,,,,,,,,,,,,,,,,,,,,,,,,,,,,,,,,,,,,,,,,,,,,,,,,,100,100,uniform,100,100,uniform,"Durdinski et al., Mater Struct, 50, 135, 2017 (slag; fly ash, calcareous; fly ash, siliceous); Snellings et al., Cem Concr Res, 64, 89-98, 2014 (pozzolana, natural calcined); Parrot and Killoh, Br. Ceram. Proc., 35, 41-53, 1984 & Lothenbach et al., Cem. Concr. Res., 38(6), 2008 (clinker)"
CEM,Portland-burnt shale cement (CEM II/A-T),180,85,85,uniform,,,,,,,,,,,,,,,,,,,,,,,,,,,,,,,,,,,,,,,,,,,,,,,,,,,,100,100,uniform,100,100,uniform,"Durdinski et al., Mater Struct, 50, 135, 2017 (slag; fly ash, calcareous; fly ash, siliceous); Snellings et al., Cem Concr Res, 64, 89-98, 2014 (pozzolana, natural calcined); Parrot and Killoh, Br. Ceram. Proc., 35, 41-53, 1984 & Lothenbach et al., Cem. Concr. Res., 38(6), 2008 (clinker)"
CEM,Portland-burnt shale cement (CEM II/B-T),180,85,85,uniform,,,,,,,,,,,,,,,,,,,,,,,,,,,,,,,,,,,,,,,,,,,,,,,,,,,,100,100,uniform,100,100,uniform,"Durdinski et al., Mater Struct, 50, 135, 2017 (slag; fly ash, calcareous; fly ash, siliceous); Snellings et al., Cem Concr Res, 64, 89-98, 2014 (pozzolana, natural calcined); Parrot and Killoh, Br. Ceram. Proc., 35, 41-53, 1984 & Lothenbach et al., Cem. Concr. Res., 38(6), 2008 (clinker)"
CEM,Portland-limestone cement (CEM II/A-L),180,85,85,uniform,,,,,,,,,,,,,,,,,,,,,,,,,,,,,,,,,,,,,,,,,,,,,,,,,,,,100,100,uniform,100,100,uniform,"Durdinski et al., Mater Struct, 50, 135, 2017 (slag; fly ash, calcareous; fly ash, siliceous); Snellings et al., Cem Concr Res, 64, 89-98, 2014 (pozzolana, natural calcined); Parrot and Killoh, Br. Ceram. Proc., 35, 41-53, 1984 & Lothenbach et al., Cem. Concr. Res., 38(6), 2008 (clinker)"
CEM,Portland-limestone cement (CEM II/B-L),180,85,85,uniform,,,,,,,,,,,,,,,,,,,,,,,,,,,,,,,,,,,,,,,,,,,,,,,,,,,,100,100,uniform,100,100,uniform,"Durdinski et al., Mater Struct, 50, 135, 2017 (slag; fly ash, calcareous; fly ash, siliceous); Snellings et al., Cem Concr Res, 64, 89-98, 2014 (pozzolana, natural calcined); Parrot and Killoh, Br. Ceram. Proc., 35, 41-53, 1984 & Lothenbach et al., Cem. Concr. Res., 38(6), 2008 (clinker)"
CEM,Portland-limestone cement (CEM II/A-LL),180,85,85,uniform,,,,,,,,,,,,,,,,,,,,,,,,,,,,,,,,,,,,,,,,,,,,,,,,,,,,100,100,uniform,100,100,uniform,"Durdinski et al., Mater Struct, 50, 135, 2017 (slag; fly ash, calcareous; fly ash, siliceous); Snellings et al., Cem Concr Res, 64, 89-98, 2014 (pozzolana, natural calcined); Parrot and Killoh, Br. Ceram. Proc., 35, 41-53, 1984 & Lothenbach et al., Cem. Concr. Res., 38(6), 2008 (clinker)"
CEM,Portland-limestone cement (CEM II/B-LL),180,85,85,uniform,,,,,,,,,,,,,,,,,,,,,,,,,,,,,,,,,,,,,,,,,,,,,,,,,,,,100,100,uniform,100,100,uniform,"Durdinski et al., Mater Struct, 50, 135, 2017 (slag; fly ash, calcareous; fly ash, siliceous); Snellings et al., Cem Concr Res, 64, 89-98, 2014 (pozzolana, natural calcined); Parrot and Killoh, Br. Ceram. Proc., 35, 41-53, 1984 & Lothenbach et al., Cem. Concr. Res., 38(6), 2008 (clinker)"
CEM,Portland-composite cement (CEM II/A-M),180,85,85,uniform,,,,,,,,,,,,,,,,,,,,,,,,,,,,,,,,,,,,,,,,,,,,,,,,,,,,100,100,uniform,100,100,uniform,"Durdinski et al., Mater Struct, 50, 135, 2017 (slag; fly ash, calcareous; fly ash, siliceous); Snellings et al., Cem Concr Res, 64, 89-98, 2014 (pozzolana, natural calcined); Parrot and Killoh, Br. Ceram. Proc., 35, 41-53, 1984 & Lothenbach et al., Cem. Concr. Res., 38(6), 2008 (clinker)"
CEM,Portland-composite cement (CEM II/B-M),180,85,85,uniform,,,,,,,,,,,,,,,,,,,,,,,,,,,,,,,,,,,,,,,,,,,,,,,,,,,,100,100,uniform,100,100,uniform,"Durdinski et al., Mater Struct, 50, 135, 2017 (slag; fly ash, calcareous; fly ash, siliceous); Snellings et al., Cem Concr Res, 64, 89-98, 2014 (pozzolana, natural calcined); Parrot and Killoh, Br. Ceram. Proc., 35, 41-53, 1984 & Lothenbach et al., Cem. Concr. Res., 38(6), 2008 (clinker)"
CEM,Blast furnace cement (CEM III/A),180,85,85,uniform,,,,,,,,,,,,,,,,,,,,,,,,,,,,,,,,,,,,,,,,,,,,,,,,,,,,100,100,uniform,100,100,uniform,"Durdinski et al., Mater Struct, 50, 135, 2017 (slag; fly ash, calcareous; fly ash, siliceous); Snellings et al., Cem Concr Res, 64, 89-98, 2014 (pozzolana, natural calcined); Parrot and Killoh, Br. Ceram. Proc., 35, 41-53, 1984 & Lothenbach et al., Cem. Concr. Res., 38(6), 2008 (clinker)"
CEM,Blast furnace cement (CEM III/B),180,85,85,uniform,,,,,,,,,,,,,,,,,,,,,,,,,,,,,,,,,,,,,,,,,,,,,,,,,,,,100,100,uniform,100,100,uniform,"Durdinski et al., Mater Struct, 50, 135, 2017 (slag; fly ash, calcareous; fly ash, siliceous); Snellings et al., Cem Concr Res, 64, 89-98, 2014 (pozzolana, natural calcined); Parrot and Killoh, Br. Ceram. Proc., 35, 41-53, 1984 & Lothenbach et al., Cem. Concr. Res., 38(6), 2008 (clinker)"
CEM,Blast furnace cement (CEM III/C),180,85,85,uniform,,,,,,,,,,,,,,,,,,,,,,,,,,,,,,,,,,,,,,,,,,,,,,,,,,,,100,100,uniform,100,100,uniform,"Durdinski et al., Mater Struct, 50, 135, 2017 (slag; fly ash, calcareous; fly ash, siliceous); Snellings et al., Cem Concr Res, 64, 89-98, 2014 (pozzolana, natural calcined); Parrot and Killoh, Br. Ceram. Proc., 35, 41-53, 1984 & Lothenbach et al., Cem. Concr. Res., 38(6), 2008 (clinker)"
CEM,Pozzolanic cement (CEM IV/A),180,85,85,uniform,,,,,,,,,,,,,,,,,,,,,,,,,,,,,,,,,,,,,,,,,,,,,,,,,,,,100,100,uniform,100,100,uniform,"Durdinski et al., Mater Struct, 50, 135, 2017 (slag; fly ash, calcareous; fly ash, siliceous); Snellings et al., Cem Concr Res, 64, 89-98, 2014 (pozzolana, natural calcined); Parrot and Killoh, Br. Ceram. Proc., 35, 41-53, 1984 & Lothenbach et al., Cem. Concr. Res., 38(6), 2008 (clinker)"
CEM,Pozzolanic cement (CEM IV/B),180,85,85,uniform,,,,,,,,,,,,,,,,,,,,,,,,,,,,,,,,,,,,,,,,,,,,,,,,,,,,100,100,uniform,100,100,uniform,"Durdinski et al., Mater Struct, 50, 135, 2017 (slag; fly ash, calcareous; fly ash, siliceous); Snellings et al., Cem Concr Res, 64, 89-98, 2014 (pozzolana, natural calcined); Parrot and Killoh, Br. Ceram. Proc., 35, 41-53, 1984 & Lothenbach et al., Cem. Concr. Res., 38(6), 2008 (clinker)"
CEM,Composite cement (CEM V/A),180,85,85,uniform,,,,,,,,,,,,,,,,,,,,,,,,,,,,,,,,,,,,,,,,,,,,,,,,,,,,100,100,uniform,100,100,uniform,"Durdinski et al., Mater Struct, 50, 135, 2017 (slag; fly ash, calcareous; fly ash, siliceous); Snellings et al., Cem Concr Res, 64, 89-98, 2014 (pozzolana, natural calcined); Parrot and Killoh, Br. Ceram. Proc., 35, 41-53, 1984 & Lothenbach et al., Cem. Concr. Res., 38(6), 2008 (clinker)"
CEM,Portland cement (CEM I),365,87,87,uniform,,,,,,,,,,,,,,,,,,,,,,,,,,,,,,,,,,,,,,,,,,,,,,,,,,,,100,100,uniform,100,100,uniform,"Durdinski et al., Mater Struct, 50, 135, 2017 (slag; fly ash, calcareous; fly ash, siliceous); Snellings et al., Cem Concr Res, 64, 89-98, 2014 (pozzolana, natural calcined); Parrot and Killoh, Br. Ceram. Proc., 35, 41-53, 1984 & Lothenbach et al., Cem. Concr. Res., 38(6), 2008 (clinker)"
CEM,Portland-slag cement (CEM II/A-S),365,87,87,uniform,,,,,,,,,,,,,,,,,,,,,,,,,,,,,,,,,,,,,,,,,,,,,,,,,,,,100,100,uniform,100,100,uniform,"Durdinski et al., Mater Struct, 50, 135, 2017 (slag; fly ash, calcareous; fly ash, siliceous); Snellings et al., Cem Concr Res, 64, 89-98, 2014 (pozzolana, natural calcined); Parrot and Killoh, Br. Ceram. Proc., 35, 41-53, 1984 & Lothenbach et al., Cem. Concr. Res., 38(6), 2008 (clinker)"
CEM,Portland-slag cement (CEM II/B-S),365,87,87,uniform,,,,,,,,,,,,,,,,,,,,,,,,,,,,,,,,,,,,,,,,,,,,,,,,,,,,100,100,uniform,100,100,uniform,"Durdinski et al., Mater Struct, 50, 135, 2017 (slag; fly ash, calcareous; fly ash, siliceous); Snellings et al., Cem Concr Res, 64, 89-98, 2014 (pozzolana, natural calcined); Parrot and Killoh, Br. Ceram. Proc., 35, 41-53, 1984 & Lothenbach et al., Cem. Concr. Res., 38(6), 2008 (clinker)"
CEM,Portland-silica fume cement (CEM II/A-D),365,87,87,uniform,,,,,,,,,,,,,,,,,,,,,,,,,,,,,,,,,,,,,,,,,,,,,,,,,,,,100,100,uniform,100,100,uniform,"Durdinski et al., Mater Struct, 50, 135, 2017 (slag; fly ash, calcareous; fly ash, siliceous); Snellings et al., Cem Concr Res, 64, 89-98, 2014 (pozzolana, natural calcined); Parrot and Killoh, Br. Ceram. Proc., 35, 41-53, 1984 & Lothenbach et al., Cem. Concr. Res., 38(6), 2008 (clinker)"
CEM,Portland-pozzolana cement (CEM II/A-P),365,87,87,uniform,,,,,,,,,,,,,,,,,,,,,,,,,,,,,,,,,,,,,,,,,,,,,,,,,,,,100,100,uniform,100,100,uniform,"Durdinski et al., Mater Struct, 50, 135, 2017 (slag; fly ash, calcareous; fly ash, siliceous); Snellings et al., Cem Concr Res, 64, 89-98, 2014 (pozzolana, natural calcined); Parrot and Killoh, Br. Ceram. Proc., 35, 41-53, 1984 & Lothenbach et al., Cem. Concr. Res., 38(6), 2008 (clinker)"
CEM,Portland-pozzolana cement (CEM II/B-P),365,87,87,uniform,,,,,,,,,,,,,,,,,,,,,,,,,,,,,,,,,,,,,,,,,,,,,,,,,,,,100,100,uniform,100,100,uniform,"Durdinski et al., Mater Struct, 50, 135, 2017 (slag; fly ash, calcareous; fly ash, siliceous); Snellings et al., Cem Concr Res, 64, 89-98, 2014 (pozzolana, natural calcined); Parrot and Killoh, Br. Ceram. Proc., 35, 41-53, 1984 & Lothenbach et al., Cem. Concr. Res., 38(6), 2008 (clinker)"
CEM,Portland-pozzolana cement (CEM II/A-Q),365,87,87,uniform,,,,,,,,,,,,,,,,,,,,,,,,,,,,,,,,,,,,,,,,,,,,,,,,,,,,100,100,uniform,100,100,uniform,"Durdinski et al., Mater Struct, 50, 135, 2017 (slag; fly ash, calcareous; fly ash, siliceous); Snellings et al., Cem Concr Res, 64, 89-98, 2014 (pozzolana, natural calcined); Parrot and Killoh, Br. Ceram. Proc., 35, 41-53, 1984 & Lothenbach et al., Cem. Concr. Res., 38(6), 2008 (clinker)"
CEM,Portland-pozzolana cement (CEM II/B-Q),365,87,87,uniform,,,,,,,,,,,,,,,,,,,,,,,,,,,,,,,,,,,,,,,,,,,,,,,,,,,,100,100,uniform,100,100,uniform,"Durdinski et al., Mater Struct, 50, 135, 2017 (slag; fly ash, calcareous; fly ash, siliceous); Snellings et al., Cem Concr Res, 64, 89-98, 2014 (pozzolana, natural calcined); Parrot and Killoh, Br. Ceram. Proc., 35, 41-53, 1984 & Lothenbach et al., Cem. Concr. Res., 38(6), 2008 (clinker)"
CEM,Portland-fly ash cement (CEM II/A-V),365,87,87,uniform,,,,,,,,,,,,,,,,,,,,,,,,,,,,,,,,,,,,,,,,,,,,,,,,,,,,100,100,uniform,100,100,uniform,"Durdinski et al., Mater Struct, 50, 135, 2017 (slag; fly ash, calcareous; fly ash, siliceous); Snellings et al., Cem Concr Res, 64, 89-98, 2014 (pozzolana, natural calcined); Parrot and Killoh, Br. Ceram. Proc., 35, 41-53, 1984 & Lothenbach et al., Cem. Concr. Res., 38(6), 2008 (clinker)"
CEM,Portland-fly ash cement (CEM II/B-V),365,87,87,uniform,,,,,,,,,,,,,,,,,,,,,,,,,,,,,,,,,,,,,,,,,,,,,,,,,,,,100,100,uniform,100,100,uniform,"Durdinski et al., Mater Struct, 50, 135, 2017 (slag; fly ash, calcareous; fly ash, siliceous); Snellings et al., Cem Concr Res, 64, 89-98, 2014 (pozzolana, natural calcined); Parrot and Killoh, Br. Ceram. Proc., 35, 41-53, 1984 & Lothenbach et al., Cem. Concr. Res., 38(6), 2008 (clinker)"
CEM,Portland-fly ash cement (CEM II/A-W),365,87,87,uniform,,,,,,,,,,,,,,,,,,,,,,,,,,,,,,,,,,,,,,,,,,,,,,,,,,,,100,100,uniform,100,100,uniform,"Durdinski et al., Mater Struct, 50, 135, 2017 (slag; fly ash, calcareous; fly ash, siliceous); Snellings et al., Cem Concr Res, 64, 89-98, 2014 (pozzolana, natural calcined); Parrot and Killoh, Br. Ceram. Proc., 35, 41-53, 1984 & Lothenbach et al., Cem. Concr. Res., 38(6), 2008 (clinker)"
CEM,Portland-fly ash cement (CEM II/B-W),365,87,87,uniform,,,,,,,,,,,,,,,,,,,,,,,,,,,,,,,,,,,,,,,,,,,,,,,,,,,,100,100,uniform,100,100,uniform,"Durdinski et al., Mater Struct, 50, 135, 2017 (slag; fly ash, calcareous; fly ash, siliceous); Snellings et al., Cem Concr Res, 64, 89-98, 2014 (pozzolana, natural calcined); Parrot and Killoh, Br. Ceram. Proc., 35, 41-53, 1984 & Lothenbach et al., Cem. Concr. Res., 38(6), 2008 (clinker)"
CEM,Portland-burnt shale cement (CEM II/A-T),365,87,87,uniform,,,,,,,,,,,,,,,,,,,,,,,,,,,,,,,,,,,,,,,,,,,,,,,,,,,,100,100,uniform,100,100,uniform,"Durdinski et al., Mater Struct, 50, 135, 2017 (slag; fly ash, calcareous; fly ash, siliceous); Snellings et al., Cem Concr Res, 64, 89-98, 2014 (pozzolana, natural calcined); Parrot and Killoh, Br. Ceram. Proc., 35, 41-53, 1984 & Lothenbach et al., Cem. Concr. Res., 38(6), 2008 (clinker)"
CEM,Portland-burnt shale cement (CEM II/B-T),365,87,87,uniform,,,,,,,,,,,,,,,,,,,,,,,,,,,,,,,,,,,,,,,,,,,,,,,,,,,,100,100,uniform,100,100,uniform,"Durdinski et al., Mater Struct, 50, 135, 2017 (slag; fly ash, calcareous; fly ash, siliceous); Snellings et al., Cem Concr Res, 64, 89-98, 2014 (pozzolana, natural calcined); Parrot and Killoh, Br. Ceram. Proc., 35, 41-53, 1984 & Lothenbach et al., Cem. Concr. Res., 38(6), 2008 (clinker)"
CEM,Portland-limestone cement (CEM II/A-L),365,87,87,uniform,,,,,,,,,,,,,,,,,,,,,,,,,,,,,,,,,,,,,,,,,,,,,,,,,,,,100,100,uniform,100,100,uniform,"Durdinski et al., Mater Struct, 50, 135, 2017 (slag; fly ash, calcareous; fly ash, siliceous); Snellings et al., Cem Concr Res, 64, 89-98, 2014 (pozzolana, natural calcined); Parrot and Killoh, Br. Ceram. Proc., 35, 41-53, 1984 & Lothenbach et al., Cem. Concr. Res., 38(6), 2008 (clinker)"
CEM,Portland-limestone cement (CEM II/B-L),365,87,87,uniform,,,,,,,,,,,,,,,,,,,,,,,,,,,,,,,,,,,,,,,,,,,,,,,,,,,,100,100,uniform,100,100,uniform,"Durdinski et al., Mater Struct, 50, 135, 2017 (slag; fly ash, calcareous; fly ash, siliceous); Snellings et al., Cem Concr Res, 64, 89-98, 2014 (pozzolana, natural calcined); Parrot and Killoh, Br. Ceram. Proc., 35, 41-53, 1984 & Lothenbach et al., Cem. Concr. Res., 38(6), 2008 (clinker)"
CEM,Portland-limestone cement (CEM II/A-LL),365,87,87,uniform,,,,,,,,,,,,,,,,,,,,,,,,,,,,,,,,,,,,,,,,,,,,,,,,,,,,100,100,uniform,100,100,uniform,"Durdinski et al., Mater Struct, 50, 135, 2017 (slag; fly ash, calcareous; fly ash, siliceous); Snellings et al., Cem Concr Res, 64, 89-98, 2014 (pozzolana, natural calcined); Parrot and Killoh, Br. Ceram. Proc., 35, 41-53, 1984 & Lothenbach et al., Cem. Concr. Res., 38(6), 2008 (clinker)"
CEM,Portland-limestone cement (CEM II/B-LL),365,87,87,uniform,,,,,,,,,,,,,,,,,,,,,,,,,,,,,,,,,,,,,,,,,,,,,,,,,,,,100,100,uniform,100,100,uniform,"Durdinski et al., Mater Struct, 50, 135, 2017 (slag; fly ash, calcareous; fly ash, siliceous); Snellings et al., Cem Concr Res, 64, 89-98, 2014 (pozzolana, natural calcined); Parrot and Killoh, Br. Ceram. Proc., 35, 41-53, 1984 & Lothenbach et al., Cem. Concr. Res., 38(6), 2008 (clinker)"
CEM,Portland-composite cement (CEM II/A-M),365,87,87,uniform,,,,,,,,,,,,,,,,,,,,,,,,,,,,,,,,,,,,,,,,,,,,,,,,,,,,100,100,uniform,100,100,uniform,"Durdinski et al., Mater Struct, 50, 135, 2017 (slag; fly ash, calcareous; fly ash, siliceous); Snellings et al., Cem Concr Res, 64, 89-98, 2014 (pozzolana, natural calcined); Parrot and Killoh, Br. Ceram. Proc., 35, 41-53, 1984 & Lothenbach et al., Cem. Concr. Res., 38(6), 2008 (clinker)"
CEM,Portland-composite cement (CEM II/B-M),365,87,87,uniform,,,,,,,,,,,,,,,,,,,,,,,,,,,,,,,,,,,,,,,,,,,,,,,,,,,,100,100,uniform,100,100,uniform,"Durdinski et al., Mater Struct, 50, 135, 2017 (slag; fly ash, calcareous; fly ash, siliceous); Snellings et al., Cem Concr Res, 64, 89-98, 2014 (pozzolana, natural calcined); Parrot and Killoh, Br. Ceram. Proc., 35, 41-53, 1984 & Lothenbach et al., Cem. Concr. Res., 38(6), 2008 (clinker)"
CEM,Blast furnace cement (CEM III/A),365,87,87,uniform,,,,,,,,,,,,,,,,,,,,,,,,,,,,,,,,,,,,,,,,,,,,,,,,,,,,100,100,uniform,100,100,uniform,"Durdinski et al., Mater Struct, 50, 135, 2017 (slag; fly ash, calcareous; fly ash, siliceous); Snellings et al., Cem Concr Res, 64, 89-98, 2014 (pozzolana, natural calcined); Parrot and Killoh, Br. Ceram. Proc., 35, 41-53, 1984 & Lothenbach et al., Cem. Concr. Res., 38(6), 2008 (clinker)"
CEM,Blast furnace cement (CEM III/B),365,87,87,uniform,,,,,,,,,,,,,,,,,,,,,,,,,,,,,,,,,,,,,,,,,,,,,,,,,,,,100,100,uniform,100,100,uniform,"Durdinski et al., Mater Struct, 50, 135, 2017 (slag; fly ash, calcareous; fly ash, siliceous); Snellings et al., Cem Concr Res, 64, 89-98, 2014 (pozzolana, natural calcined); Parrot and Killoh, Br. Ceram. Proc., 35, 41-53, 1984 & Lothenbach et al., Cem. Concr. Res., 38(6), 2008 (clinker)"
CEM,Blast furnace cement (CEM III/C),365,87,87,uniform,,,,,,,,,,,,,,,,,,,,,,,,,,,,,,,,,,,,,,,,,,,,,,,,,,,,100,100,uniform,100,100,uniform,"Durdinski et al., Mater Struct, 50, 135, 2017 (slag; fly ash, calcareous; fly ash, siliceous); Snellings et al., Cem Concr Res, 64, 89-98, 2014 (pozzolana, natural calcined); Parrot and Killoh, Br. Ceram. Proc., 35, 41-53, 1984 & Lothenbach et al., Cem. Concr. Res., 38(6), 2008 (clinker)"
CEM,Pozzolanic cement (CEM IV/A),365,87,87,uniform,,,,,,,,,,,,,,,,,,,,,,,,,,,,,,,,,,,,,,,,,,,,,,,,,,,,100,100,uniform,100,100,uniform,"Durdinski et al., Mater Struct, 50, 135, 2017 (slag; fly ash, calcareous; fly ash, siliceous); Snellings et al., Cem Concr Res, 64, 89-98, 2014 (pozzolana, natural calcined); Parrot and Killoh, Br. Ceram. Proc., 35, 41-53, 1984 & Lothenbach et al., Cem. Concr. Res., 38(6), 2008 (clinker)"
CEM,Pozzolanic cement (CEM IV/B),365,87,87,uniform,,,,,,,,,,,,,,,,,,,,,,,,,,,,,,,,,,,,,,,,,,,,,,,,,,,,100,100,uniform,100,100,uniform,"Durdinski et al., Mater Struct, 50, 135, 2017 (slag; fly ash, calcareous; fly ash, siliceous); Snellings et al., Cem Concr Res, 64, 89-98, 2014 (pozzolana, natural calcined); Parrot and Killoh, Br. Ceram. Proc., 35, 41-53, 1984 & Lothenbach et al., Cem. Concr. Res., 38(6), 2008 (clinker)"
CEM,Composite cement (CEM V/A),365,87,87,uniform,,,,,,,,,,,,,,,,,,,,,,,,,,,,,,,,,,,,,,,,,,,,,,,,,,,,100,100,uniform,100,100,uniform,"Durdinski et al., Mater Struct, 50, 135, 2017 (slag; fly ash, calcareous; fly ash, siliceous); Snellings et al., Cem Concr Res, 64, 89-98, 2014 (pozzolana, natural calcined); Parrot and Killoh, Br. Ceram. Proc., 35, 41-53, 1984 & Lothenbach et al., Cem. Concr. Res., 38(6), 2008 (clinker)"
