,0
0,b814b1860651d468cd167aae174b300d
1,e864d08a9cbea488c25674872514b7d5
2,ec2aabd41a05f795b5a0fe9f7efaf389
3,0f9c24abd62fad3b21a1294f3e0ab189
4,52178137d5269104efab9937c4663e08
5,529ff3782122d544977a93e2804d6c23
6,c09dd05bec06eda058bf65c14f098462
7,fd459722b2f3de36de93eb04c27e2f03
8,5ef5ec102ceee2ff340d5a0f966e73b5
9,5b0fa9690ff5068b8a3ed0fd6efb50d2
10,08ac29cd3ec792754283ffcddf3c9350
11,d79f6fefdc1cb7729358b5490bcd5593
12,d1eaaf813f68da496367754fba707bde
13,034c5cea3ba36f11c363cdeae46a666e
14,8cc8cd251f1a2092a8d759e5599f1d28
15,e305b2a4f8db61d534b1d50f61739b13
16,0fc19fcc5e25eac150025c0b9269feaa
17,0111b5c2e99b9b3d02f8eaa9081824ba
18,9d0d98de87896005a74d7fdf881710f4
19,f35c34134304589e30d73aea82dc9274
20,2f383e110c9ae7489f1cb991118162ec
21,cb06c46263c15f8d0a48881daea8f01a
22,78c2d7b5e42cc9159fed0bc95ffa04d9
23,0a61282a0ee19c03e2c5c99af2ee0b93
24,df5fe25c0846f69a74eb0ba820d557c9
25,175be96956ace76343b78cc4bb728607
26,288f5fe72d794b7bbedc1d6f105d5b10
27,9bd434870014399fb6d19934d659e46c
28,2566bcad5e5ec8a1b0ea5a5009e97de7
29,cde0b6a8a33a3f96250f072431610581
